"Product Name","Description","Brand","ProductPageUrl","OverallRatingRange","SecondaryRatingsAveragesQuality","SecondaryRatingsAveragesValue","Id","CID","SourceClient","LastModificationTime","LastModeratedTime","ProductId","CampaignId","UserLocation","AuthorId","IsFeatured","TotalClientResponseCount","TotalCommentCount","Rating","IsRecommended","Helpfulness","TotalFeedbackCount","TotalNegativeFeedbackCount","TotalPositiveFeedbackCount","ModerationStatus","SubmissionTime","ReviewText","Title","UserNickname","SecondaryRatings_Value_Value","SecondaryRatings_Quality_Value"
"Try It Kit: Primer Authority","See why Smashbox is the primer authority with this collection of our superstar primers in irresistible try-me sizes!","Smashbox","https://www.beautyboutique.ca/Categories/Gifts-%26-Sets/Makeup/Try-It-Kit%3A-Primer-Authority/p/BB_607710046931","5","4.77083333333","4.72916666667","177986683","c7b61bcf-5593-59f2-a759-2f48bec6e9a7","beautyboutique","2017-04-12T13:45:21.000+00:00","2017-04-12T13:45:21.000+00:00","607710046931","BV_REVIEW_DISPLAY","Sudbury, ON, Canada","swelybeajdi8921jl38n2i3vi","False","0","0","5","True","1.0","17","0","17","APPROVED","2017-03-06T13:26:19.000+00:00","I've been wanting to try smashbox for a while now but really didn't want to spend a lot of money on full size versions, this is the perfect sample box and well worth the money if you just want to try it. I received this about 2 weeks ago and only have tried the shadow primer, and the hydrating under eye primer, I absolutely love it. It goes on so smooth and keeps my eye shadow in place, this I will definitely buy again. I also want to let you know I am 54 and I believe I have finally found a product that doesn't accentuate the wrinkles or crepeyness. I will write another review once I've tried the rest of the products.","Great Product","heideg","4","5"
"Try It Kit: Primer Authority","See why Smashbox is the primer authority with this collection of our superstar primers in irresistible try-me sizes!","Smashbox","https://www.beautyboutique.ca/Categories/Gifts-%26-Sets/Makeup/Try-It-Kit%3A-Primer-Authority/p/BB_607710046931","5","4.77083333333","4.72916666667","155056346","6215c273-9e57-5f03-9675-0264adbede9b","beautyboutique","2016-07-11T17:01:07.000+00:00","2016-07-11T17:01:07.000+00:00","607710046931","BV_REVIEW_DISPLAY","","3m1aaj2haxjn3vdiunh44bps7","False","0","0","5","True","1.0","13","0","13","APPROVED","2016-07-09T14:19:31.000+00:00","I bought this set of primers a little over a month ago and have really loved the products. This is a great set if you want to try out these products but don't want to pay full price. The primer water and foundation primer are my favourites in the set. I have oily skin and I find that these products help my makeup stay on longer. I will definitely be purchasing the full size products.","Great primer set!","kimkimcheee","5","5"
"Try It Kit: Primer Authority","See why Smashbox is the primer authority with this collection of our superstar primers in irresistible try-me sizes!","Smashbox","https://www.beautyboutique.ca/Categories/Gifts-%26-Sets/Makeup/Try-It-Kit%3A-Primer-Authority/p/BB_607710046931","5","4.77083333333","4.72916666667","159810034","25c6f080-8c23-541c-b35f-a78a7bc220cd","beautyboutique","2016-08-19T22:30:25.000+00:00","2016-08-19T22:30:25.000+00:00","607710046931","BV_PIE","Miramichi, NB, Canada","6lss1psx7nrnyfewqfbbyw6eh","False","0","0","5","True","1.0","12","0","12","APPROVED","2016-08-17T20:43:47.000+00:00","In searching for the products that I wanted I didn't want to spend a lot of money on full size versions in case they didn't work for me, but I'd have to say that these trial sizes are amazing and a must have for your purse or travel times.  The primer is effective and the mascara is great.  These trial kits are an excellent idea and should be available in more products.","Awesome samples","Maureen29","5","5"
"Try It Kit: Primer Authority","See why Smashbox is the primer authority with this collection of our superstar primers in irresistible try-me sizes!","Smashbox","https://www.beautyboutique.ca/Categories/Gifts-%26-Sets/Makeup/Try-It-Kit%3A-Primer-Authority/p/BB_607710046931","5","4.77083333333","4.72916666667","160634143","5697154c-8f23-57ed-a11c-35957ef8e9df","beautyboutique","2016-08-22T00:45:28.000+00:00","2016-08-22T00:45:28.000+00:00","607710046931","BV_REVIEW_DISPLAY","Chatham-Kent, ON, Canada","hwlzr3q7cm1gn7qoln5uhibv9","False","0","0","5","","1.0","8","0","8","APPROVED","2016-08-20T02:03:27.000+00:00","Surprisingly small package but great assortment of primers to test before you invest. The shadow and face primers alone are worth the cost. Fell in love with them and will purchase the full size, although these have lasted a long time. The primer water is good too but would never have tried it otherwise. Good purchase!","Small but mighty!!","brimblet","5","5"
"Try It Kit: Primer Authority","See why Smashbox is the primer authority with this collection of our superstar primers in irresistible try-me sizes!","Smashbox","https://www.beautyboutique.ca/Categories/Gifts-%26-Sets/Makeup/Try-It-Kit%3A-Primer-Authority/p/BB_607710046931","5","4.77083333333","4.72916666667","178571392","479f4772-8366-54db-ab30-e02e0e3d04bb","beautyboutique","2017-03-15T14:30:22.000+00:00","2017-03-15T14:30:22.000+00:00","607710046931","BV_REVIEW_DISPLAY","Toronto, ON, Canada","ec7bo8uvwi8ak66qv4vwwxqp4","False","0","0","5","True","1.0","2","0","2","APPROVED","2017-03-14T14:38:16.000+00:00","These are good sizes for products that are only supposed to be samples. I bought this over the summer and I'm still using it! I love the hydration of the water primer but I also love smoothness of the foundation primer. I would definitely recommend others to try this kit. It also comes with a shadow primer and under eye primer. I already knew that Smashbox was a good line but trying these products and enjoying them made me look at other things in Smashbox and now I also have the 15 Hour Wear Hydrating Foundation as well as the More Than a Primer Blemish Control.","Great Sample Sizes!","Samantha Michelle","5","5"
"Try It Kit: Primer Authority","See why Smashbox is the primer authority with this collection of our superstar primers in irresistible try-me sizes!","Smashbox","https://www.beautyboutique.ca/Categories/Gifts-%26-Sets/Makeup/Try-It-Kit%3A-Primer-Authority/p/BB_607710046931","5","4.77083333333","4.72916666667","159138456","3daa6f43-7945-5d0f-bdf9-7bd14418c639","beautyboutique","2016-08-17T14:47:07.000+00:00","2016-08-17T14:47:07.000+00:00","607710046931","BV_REVIEW_DISPLAY","Vancouver, BC, Canada","6udavt3dsbu5hb9bg4zg51e12","False","0","0","5","True","1.0","7","0","7","APPROVED","2016-08-15T17:38:46.000+00:00","I love the primer, but got this to try on other products. I am in love with all these products. They really work, and what is more amazing is that, although I have an extremely sensitive skin to a lot of products, Smash Box products improve how my skin and make up feels in my daily use of the primer products. Love it.","Best value, Must try kit","Cosmi","5","5"
"Try It Kit: Primer Authority","See why Smashbox is the primer authority with this collection of our superstar primers in irresistible try-me sizes!","Smashbox","https://www.beautyboutique.ca/Categories/Gifts-%26-Sets/Makeup/Try-It-Kit%3A-Primer-Authority/p/BB_607710046931","5","4.77083333333","4.72916666667","162837547","973dca5b-3716-55ab-9f10-51847ce5e71d","beautyboutique","2016-09-05T19:15:28.000+00:00","2016-09-05T19:15:28.000+00:00","607710046931","BV_REVIEW_DISPLAY","Toronto, ON, Canada","iud6ghisr89m4km706jg5ol85","False","0","0","5","True","1.0","6","0","6","APPROVED","2016-09-05T15:00:25.000+00:00","I bought this kit about 4 months back and now I am struggling to find it in stores. It is an amazing value and the products that are featured are great sizes that actually last pretty long. I still have the eyeshadow primer left and the under eye primer. Smashbox does amazing with these kits as it is the main way to get me to purchase some new products.","Great value, all products are worth the try","Vickspicks","5","4"
"Try It Kit: Primer Authority","See why Smashbox is the primer authority with this collection of our superstar primers in irresistible try-me sizes!","Smashbox","https://www.beautyboutique.ca/Categories/Gifts-%26-Sets/Makeup/Try-It-Kit%3A-Primer-Authority/p/BB_607710046931","5","4.77083333333","4.72916666667","160690601","44d3cf82-74d6-5381-9b46-caa2b33a0386","beautyboutique","2016-08-22T14:15:40.000+00:00","2016-08-22T14:15:40.000+00:00","607710046931","BV_REVIEW_DISPLAY","Burnaby, BC, Canada","h8ls1y5n6fim0u5ks1nf9eigg","False","0","0","5","True","1.0","6","0","6","APPROVED","2016-08-20T16:33:24.000+00:00","I bought this to try the selected products most of all the primer water fell in love with it the first time using it awesome product .I love all the Smashbox products","Awesome","Carm72","5","5"
"Try It Kit: Primer Authority","See why Smashbox is the primer authority with this collection of our superstar primers in irresistible try-me sizes!","Smashbox","https://www.beautyboutique.ca/Categories/Gifts-%26-Sets/Makeup/Try-It-Kit%3A-Primer-Authority/p/BB_607710046931","5","4.77083333333","4.72916666667","160584075","453c2470-be51-52c6-80c5-9f4b3c8ca2a0","beautyboutique","2016-08-21T21:00:31.000+00:00","2016-08-21T21:00:31.000+00:00","607710046931","BV_REVIEW_DISPLAY","","5s9emw0hdidtri8k09lr8n1ps","False","0","0","4","True","1.0","5","0","5","APPROVED","2016-08-19T18:33:15.000+00:00","This primer when applied will give your foundation the perfect finish. I can't believe the difference using this product made giving me  flawless coverage. I would recommend this product to everyone.","Perfect coverage","SuzzieQ","4","5"
"Try It Kit: Primer Authority","See why Smashbox is the primer authority with this collection of our superstar primers in irresistible try-me sizes!","Smashbox","https://www.beautyboutique.ca/Categories/Gifts-%26-Sets/Makeup/Try-It-Kit%3A-Primer-Authority/p/BB_607710046931","5","4.77083333333","4.72916666667","177222101","64a57549-8785-54e8-92c2-5b9f16ae4bf8","beautyboutique","2017-02-25T15:15:16.000+00:00","2017-02-25T15:15:16.000+00:00","607710046931","BV_REVIEW_DISPLAY","Mississauga, ON, Canada","pxyb4o4npoeqk4jbyjglbm104","False","0","0","5","True","1.0","1","0","1","APPROVED","2017-02-25T14:54:12.000+00:00","I bought this kit to try out the eyelid primer and the under eye primer. I already own and use the foundation primer and setting spray, which are both fantastic products I use every day. I have yet to try a full eye look with the eyelid primer on so I can't really attest to whether it helps with the staying power of eye makeup. However, I just LOVE the under eye primer! It really helps reduce with creasing of my concealer and feels very moisturizing. Will definitely purchase the full-size version when I'm done with this.","Primo primers!","HappyNowIKnow","5","5"
"Try It Kit: Primer Authority","See why Smashbox is the primer authority with this collection of our superstar primers in irresistible try-me sizes!","Smashbox","https://www.beautyboutique.ca/Categories/Gifts-%26-Sets/Makeup/Try-It-Kit%3A-Primer-Authority/p/BB_607710046931","5","4.77083333333","4.72916666667","177421947","fed02529-afc9-5569-bd87-72e3a4cfeeb0","beautyboutique","2017-02-27T16:45:24.000+00:00","2017-02-27T16:45:24.000+00:00","607710046931","BV_REVIEW_DISPLAY","Red Deer, AB, Canada","qeiu7le4gl39vmjkh9uwpnrj0","False","0","0","4","True","1.0","2","0","2","APPROVED","2017-02-27T16:24:22.000+00:00","Such a great price for only $30!! These samples are quite smaller but a little goes a long way. You don't need to glob your face with these primers. My favorite is the smashbox photo finish primer. It makes your pores look smaller and drys super fast. It also makes you makeup stay on a lot longer! Super affordable and great variety of product. Definitely worth it!","Great variety of samples!","Lisatrannn","5","4"
"Try It Kit: Primer Authority","See why Smashbox is the primer authority with this collection of our superstar primers in irresistible try-me sizes!","Smashbox","https://www.beautyboutique.ca/Categories/Gifts-%26-Sets/Makeup/Try-It-Kit%3A-Primer-Authority/p/BB_607710046931","5","4.77083333333","4.72916666667","155058435","e60eb14c-b227-5d02-bd6a-e6eef9edcbc3","beautyboutique","2016-07-11T21:30:18.000+00:00","2016-07-11T21:30:18.000+00:00","607710046931","BV_REVIEW_DISPLAY","Saskatoon","dwl3jv6gn038pxvnbi9kxs2dy","False","0","0","4","True","0.699999988079","10","3","7","APPROVED","2016-07-09T15:01:56.000+00:00","I bought this online and when it came I was surprised at how small this set was! However it is a set to allow you to sample the products. So I think it's good if you'd like to try these products. I love these primers!","Great products","Allyyyyy","4","4"
"Try It Kit: Primer Authority","See why Smashbox is the primer authority with this collection of our superstar primers in irresistible try-me sizes!","Smashbox","https://www.beautyboutique.ca/Categories/Gifts-%26-Sets/Makeup/Try-It-Kit%3A-Primer-Authority/p/BB_607710046931","5","4.77083333333","4.72916666667","177975468","be529a88-3cd3-512d-947e-e69b2cd98861","beautyboutique","2017-03-06T05:00:05.000+00:00","2017-03-06T05:00:05.000+00:00","607710046931","BV_REVIEW_DISPLAY","Eganville, ON, Canada","hdytf7vz6lu6ynxa2w8nsr8ul","False","0","0","5","True","1.0","1","0","1","APPROVED","2017-03-06T04:44:50.000+00:00","This is a great product that goes on smothly and gives my skin a velvety feeling.It works well to keep my makeup looking fresh a lasting all day long.It`s a beautiful product that comes in a small package but cannot iomagine my makeup kit without it.If you are attending an event  and pictures are going to be taken be sure to have this awesome product to use.It makes a big difference that you can visibly notice.","Smashbox Photo Finish Primer","cottagebunny","5","5"
"Try It Kit: Primer Authority","See why Smashbox is the primer authority with this collection of our superstar primers in irresistible try-me sizes!","Smashbox","https://www.beautyboutique.ca/Categories/Gifts-%26-Sets/Makeup/Try-It-Kit%3A-Primer-Authority/p/BB_607710046931","5","4.77083333333","4.72916666667","167236286","0f88bcf8-95c5-58fc-a83d-f7c6d3f428bc","beautyboutique","2016-10-25T03:30:13.000+00:00","2016-10-25T03:30:13.000+00:00","607710046931","BV_PIE","Manitowaning","dezs9zomi4c7occ4ibwki8um2","False","0","0","5","True","1.0","2","0","2","APPROVED","2016-10-25T02:07:40.000+00:00","Makes my skin look amazing, love it, it does exactly as it says","Makes my skin look amazing, love it","Nancyann","5","5"
"Try It Kit: Primer Authority","See why Smashbox is the primer authority with this collection of our superstar primers in irresistible try-me sizes!","Smashbox","https://www.beautyboutique.ca/Categories/Gifts-%26-Sets/Makeup/Try-It-Kit%3A-Primer-Authority/p/BB_607710046931","5","4.77083333333","4.72916666667","178998945","594c14be-8b18-5d0f-939c-dc564fcff989","beautyboutique","2017-03-21T15:30:14.000+00:00","2017-03-21T15:30:14.000+00:00","607710046931","BV_REVIEW_DISPLAY","Calgary, AB, Canada","pvdqpxonr46h7th2u2putzjcm","False","0","0","2","False","1.0","1","0","1","APPROVED","2017-03-19T21:09:18.000+00:00","I bought the primer smashbox sampler and it was not worth the money.","Primer sample kit","DisappointmentP","1","2"
"Try It Kit: Primer Authority","See why Smashbox is the primer authority with this collection of our superstar primers in irresistible try-me sizes!","Smashbox","https://www.beautyboutique.ca/Categories/Gifts-%26-Sets/Makeup/Try-It-Kit%3A-Primer-Authority/p/BB_607710046931","5","4.77083333333","4.72916666667","188751102","7214455e-d1c1-52cd-b8d6-240d5895ad07","beautyboutique","2017-07-07T01:30:09.000+00:00","2017-07-07T01:30:09.000+00:00","607710046931","BV_REVIEW_DISPLAY","Spirit River, AB, Canada","7bo2ato2pcmvky6s7kybq9i2y","False","0","0","4","True","","0","0","0","APPROVED","2017-07-05T05:50:33.000+00:00","this is a great way to test smashbox primers. I fell in love with their water primer instantly. there are also fair amount of product that will last for a while. having these cute ones, you can test it on your skin to know if it's a product that perfect for your skin concerns instead of buying the full size and be disappointed afterwards because it breaks you out. all in all, it is a good kit. I love it. perfect as a gift as well. ^^","Great primer kit!","Nicaandrea","5","5"
"Try It Kit: Primer Authority","See why Smashbox is the primer authority with this collection of our superstar primers in irresistible try-me sizes!","Smashbox","https://www.beautyboutique.ca/Categories/Gifts-%26-Sets/Makeup/Try-It-Kit%3A-Primer-Authority/p/BB_607710046931","5","4.77083333333","4.72916666667","178211367","770ff681-bc2b-5f51-8223-d11307bd6c79","beautyboutique","2017-03-09T16:30:33.000+00:00","2017-03-09T16:30:33.000+00:00","607710046931","BV_REVIEW_DISPLAY","Kingston, ON, Canada","2xa4zqq3c7fjrpscya8sn8mkt","False","0","0","5","","","0","0","0","APPROVED","2017-03-09T16:11:18.000+00:00","I purchased this as I was on vacation and had forgotten several things in my makeup bag including my smash box photo finish primer.  I was so glad I picked this up as I now have two new favourites.  I really liked every product in this kit but especially the eyeshadow primer and the primer water.  These two have become essential to my makeup routine.  What a great value this kit is!","Found some "" holy grail"" products!","KatieCC","5","5"
"Try It Kit: Primer Authority","See why Smashbox is the primer authority with this collection of our superstar primers in irresistible try-me sizes!","Smashbox","https://www.beautyboutique.ca/Categories/Gifts-%26-Sets/Makeup/Try-It-Kit%3A-Primer-Authority/p/BB_607710046931","5","4.77083333333","4.72916666667","161744096","62c5c3bc-23cf-5e75-ba4f-56d496603cb4","beautyboutique","2016-08-30T15:15:25.000+00:00","2016-08-30T15:15:25.000+00:00","607710046931","BV_REVIEW_DISPLAY","London, ON, Canada","shcddvr2t9u59yi3vqsh39nu9","False","0","0","5","True","0.25","4","3","1","APPROVED","2016-08-28T21:08:21.000+00:00","It's a product you see a lot on tv morning shows! So name is far liar to me. It just intimidating yet I am always trying to "" get the look"" ... But no luck .. I do have the multi shadow box and use it but I know there is so much more to learn !!! A makeover for me is defenitly in need!!","Smashbox","jarivard","5","5"
"Try It Kit: Primer Authority","See why Smashbox is the primer authority with this collection of our superstar primers in irresistible try-me sizes!","Smashbox","https://www.beautyboutique.ca/Categories/Gifts-%26-Sets/Makeup/Try-It-Kit%3A-Primer-Authority/p/BB_607710046931","5","4.77083333333","4.72916666667","178649698","a04e135e-dd0b-5cea-b770-3d198c8a4fdf","beautyboutique","2017-03-16T17:15:49.000+00:00","2017-03-16T17:15:49.000+00:00","607710046931","BV_REVIEW_DISPLAY","Vancouver, BC, Canada","m0tfmqa8zqd0w8tjx6e7us41l","False","0","0","4","True","","0","0","0","APPROVED","2017-03-15T08:15:27.000+00:00","The majority of these primers are great, they go on smoothly, make your makeup last much longer and are lightweight. They last a long time as well, a little goes a long way. I personally do not find the under eye primer to be very good...it makes my concealer look cakey and oily.. but the other 3 are amazing and this set is definitely worth the money.","Worth the money","Rachel479","",""
"Try It Kit: Primer Authority","See why Smashbox is the primer authority with this collection of our superstar primers in irresistible try-me sizes!","Smashbox","https://www.beautyboutique.ca/Categories/Gifts-%26-Sets/Makeup/Try-It-Kit%3A-Primer-Authority/p/BB_607710046931","5","4.77083333333","4.72916666667","183035657","42b002d3-c8b2-5448-8157-e00ac749b2f2","beautyboutique","2017-05-07T23:45:07.000+00:00","2017-05-07T23:45:07.000+00:00","607710046931","BV_REVIEW_DISPLAY","Mississauga, ON, Canada","b73gza3fihvklv5thye4cunr4","False","0","0","5","True","","0","0","0","APPROVED","2017-05-07T23:23:39.000+00:00","This kit is a great way to try Smashbox best sellers without investing a lot of money on the full size version. It's worth the money you pay. My favorite in this kit is the Photo Finish Hydrating Under Eye Primer, it really does make a difference when applying my concealer.","Great Kit & Great Value","Reemiii","5","5"
"Try It Kit: Primer Authority","See why Smashbox is the primer authority with this collection of our superstar primers in irresistible try-me sizes!","Smashbox","https://www.beautyboutique.ca/Categories/Gifts-%26-Sets/Makeup/Try-It-Kit%3A-Primer-Authority/p/BB_607710046931","5","4.77083333333","4.72916666667","163382263","f587c196-62e1-50a2-8fe1-eb13b5b719fe","beautyboutique","2016-09-08T21:02:02.000+00:00","2016-09-08T21:02:02.000+00:00","607710046931","BV_REVIEW_DISPLAY","Cornwall, ON, Canada","ioh7goq39z6iekiftbge0te8f","False","0","0","5","","","0","0","0","APPROVED","2016-09-08T20:35:46.000+00:00","This set is a great way to try out those pricey products before committing to a full size product! I love this set and have bought a few not just for myself but for others as gifts , sizes are very small but a little does go a long way , you won't be disappointed .","Great value set!","Poet","5","5"
"Try It Kit: Primer Authority","See why Smashbox is the primer authority with this collection of our superstar primers in irresistible try-me sizes!","Smashbox","https://www.beautyboutique.ca/Categories/Gifts-%26-Sets/Makeup/Try-It-Kit%3A-Primer-Authority/p/BB_607710046931","5","4.77083333333","4.72916666667","177923165","3a0657aa-04f6-544b-9630-751376a57bc7","beautyboutique","2017-03-05T03:45:06.000+00:00","2017-03-05T03:45:06.000+00:00","607710046931","BV_REVIEW_DISPLAY","","hoxb1lbnybtuvjkjnkyh8j4fp","False","0","0","5","","","0","0","0","APPROVED","2017-03-05T03:02:18.000+00:00","This is such a great value and I love that I got to try so many different things. Everything has worked well for me, it makes makeup application seamlessly smooth. The eye primers are probably my favourite, and I will definitely purchase full sized ones of those.","Amazing","fanster","",""
"Try It Kit: Primer Authority","See why Smashbox is the primer authority with this collection of our superstar primers in irresistible try-me sizes!","Smashbox","https://www.beautyboutique.ca/Categories/Gifts-%26-Sets/Makeup/Try-It-Kit%3A-Primer-Authority/p/BB_607710046931","5","4.77083333333","4.72916666667","179180730","9d5244dd-bc05-526a-afd4-6e6c0bcb0539","beautyboutique","2017-03-23T15:30:15.000+00:00","2017-03-23T15:30:15.000+00:00","607710046931","BV_REVIEW_DISPLAY","Mattice, ON, Canada","77jqgydphsajsybxi7axi49pm","False","0","0","5","True","","0","0","0","APPROVED","2017-03-21T22:16:38.000+00:00","I heard about Smashbox products awhile ago.   The trial pack made it a fun and an affordable way to try it.  Gave it a try this morning and my husband complimented me on my makeup when I return home at 5pm!  Definitely going to buy the full size products.","Loved it","Moose","4","5"
"Try It Kit: Primer Authority","See why Smashbox is the primer authority with this collection of our superstar primers in irresistible try-me sizes!","Smashbox","https://www.beautyboutique.ca/Categories/Gifts-%26-Sets/Makeup/Try-It-Kit%3A-Primer-Authority/p/BB_607710046931","5","4.77083333333","4.72916666667","177427651","c77b8705-a7a9-5c52-807d-6eb447f851b3","beautyboutique","2017-02-27T17:48:48.000+00:00","2017-02-27T17:48:48.000+00:00","607710046931","BV_REVIEW_DISPLAY","Ottawa, ON, Canada","f304mie4s95ub4jegd5a2t6cp","False","0","0","4","","","0","0","0","APPROVED","2017-02-27T17:21:12.000+00:00","I liked this kit, because I was able to try a variety of products before purchasing the full size.
I really like all the products except for the hydrating under eye primer, I didn't really see any different with or without.","Great sample kit","Jessica22","4","4"
"Try It Kit: Primer Authority","See why Smashbox is the primer authority with this collection of our superstar primers in irresistible try-me sizes!","Smashbox","https://www.beautyboutique.ca/Categories/Gifts-%26-Sets/Makeup/Try-It-Kit%3A-Primer-Authority/p/BB_607710046931","5","4.77083333333","4.72916666667","180399538","ae52f3b7-dbbb-5161-b312-c7a55c3af9bf","beautyboutique","2017-04-04T03:45:10.000+00:00","2017-04-04T03:45:10.000+00:00","607710046931","BV_REVIEW_DISPLAY","Edmonton, AB, Canada","oyc53rfvxcfvsh79j6a1du459","False","0","0","5","True","","0","0","0","APPROVED","2017-04-04T03:25:45.000+00:00","Loved the sample set. The eyeliner is my favourite super smooth & easy to apply. The lipstick looks really cute & the colour goes with most skin tones. The mascara needs to be bigger used it all aha","Smashing deal","BlazeStarr","5","5"
"Try It Kit: Primer Authority","See why Smashbox is the primer authority with this collection of our superstar primers in irresistible try-me sizes!","Smashbox","https://www.beautyboutique.ca/Categories/Gifts-%26-Sets/Makeup/Try-It-Kit%3A-Primer-Authority/p/BB_607710046931","5","4.77083333333","4.72916666667","163290938","ab2c0a62-a57b-5aa6-a0a5-8f357156802b","beautyboutique","2016-09-08T12:15:12.000+00:00","2016-09-08T12:15:12.000+00:00","607710046931","BV_REVIEW_DISPLAY","","tt1a8ff5ms9o2ldiev0rqvjo9","False","0","0","5","True","","0","0","0","APPROVED","2016-09-08T08:21:18.000+00:00","The sizes in this sample kit are great, and the quality of product is excellent. Great if you ate looking to try before buying the bigger sizes - or if you're like me and don't wear makeup often :)","Excellent value!","Islandbabs","5","5"
"Try It Kit: Primer Authority","See why Smashbox is the primer authority with this collection of our superstar primers in irresistible try-me sizes!","Smashbox","https://www.beautyboutique.ca/Categories/Gifts-%26-Sets/Makeup/Try-It-Kit%3A-Primer-Authority/p/BB_607710046931","5","4.77083333333","4.72916666667","178044406","5c5891c5-d2e7-5d83-ac9d-fd05680db043","beautyboutique","2017-03-07T01:15:14.000+00:00","2017-03-07T01:15:14.000+00:00","607710046931","BV_REVIEW_DISPLAY","Burlington, ON, Canada","lxeynyafza8oownkxy72un3nn","False","0","0","5","True","","0","0","0","APPROVED","2017-03-07T00:51:32.000+00:00","I bought this a couple weeks ago and I am so happy I did. I didn't want to spend a ton of money and end up not liking the product. This has a variety of everything and i love it. Worth every penny","Great set to get","Acorbz","5","5"
"Try It Kit: Primer Authority","See why Smashbox is the primer authority with this collection of our superstar primers in irresistible try-me sizes!","Smashbox","https://www.beautyboutique.ca/Categories/Gifts-%26-Sets/Makeup/Try-It-Kit%3A-Primer-Authority/p/BB_607710046931","5","4.77083333333","4.72916666667","177061050","d907edef-71d4-5b10-9794-2763853186a0","beautyboutique","2017-02-22T15:30:53.000+00:00","2017-02-22T15:30:53.000+00:00","607710046931","BV_REVIEW_DISPLAY","Windsor, ON, Canada","hm3ienntz39fbyywp2liyvvzf","False","0","0","5","True","","0","0","0","APPROVED","2017-02-22T12:35:52.000+00:00","I love the smashbox kits they are coming with but so far this is my favourite. There is a lot of product for just $30 and everything works great on my skin. I wish this isn't limited edition.","Favourite Kits","Mariya78","5","5"
"Try It Kit: Primer Authority","See why Smashbox is the primer authority with this collection of our superstar primers in irresistible try-me sizes!","Smashbox","https://www.beautyboutique.ca/Categories/Gifts-%26-Sets/Makeup/Try-It-Kit%3A-Primer-Authority/p/BB_607710046931","5","4.77083333333","4.72916666667","181676573","a2ce972c-ccef-51de-9934-cbeef1d5c3c5","beautyboutique","2017-04-22T17:15:32.000+00:00","2017-04-22T17:15:32.000+00:00","607710046931","BV_REVIEW_DISPLAY","Kamloops, BC, Canada","ehg3fzeg4nr61o0vfwg8bxyle","False","0","0","5","True","","0","0","0","APPROVED","2017-04-22T04:24:25.000+00:00","This is hands down the best makeup primer. It can be worn on its own or as a make primer for your foundation, but I actually like to mix it with my foundation and a dab of moisturizer.","Can't live without it","KMLE","5","5"
"Try It Kit: Primer Authority","See why Smashbox is the primer authority with this collection of our superstar primers in irresistible try-me sizes!","Smashbox","https://www.beautyboutique.ca/Categories/Gifts-%26-Sets/Makeup/Try-It-Kit%3A-Primer-Authority/p/BB_607710046931","5","4.77083333333","4.72916666667","172131020","6eeab2ed-e7ec-5509-bfe8-9bd5fcd903df","beautyboutique","2017-01-04T00:15:17.000+00:00","2017-01-04T00:15:17.000+00:00","607710046931","BV_REVIEW_DISPLAY","Saint John, NB, Canada","2ho39n2bn9snw6s6bxny2xehs","False","0","0","5","True","","0","0","0","APPROVED","2017-01-01T21:37:56.000+00:00","I bought this about 6 months ago and am finally just getting to the end of the bottles. I'm very glad to have tried these products. I especially love the setting spray.","Love them all!","Dominique D","5","5"
"Try It Kit: Primer Authority","See why Smashbox is the primer authority with this collection of our superstar primers in irresistible try-me sizes!","Smashbox","https://www.beautyboutique.ca/Categories/Gifts-%26-Sets/Makeup/Try-It-Kit%3A-Primer-Authority/p/BB_607710046931","5","4.77083333333","4.72916666667","177530255","a9d077ad-e6b1-5a97-befa-ef136d0f0ef7","beautyboutique","2017-03-01T03:00:12.000+00:00","2017-03-01T03:00:12.000+00:00","607710046931","BV_REVIEW_DISPLAY","Gravenhurst, ON, Canada","lq8z3266vdhxx6th542jmc19r","False","0","0","4","True","","0","0","0","APPROVED","2017-02-28T19:32:36.000+00:00","I really enjoyed trying this product, it did give a longer lasting touch. It almost feel like air while applying which is a really nice feel instead of a cakey finish","Trying a little of everything","Fancy420","4","4"
"Try It Kit: Primer Authority","See why Smashbox is the primer authority with this collection of our superstar primers in irresistible try-me sizes!","Smashbox","https://www.beautyboutique.ca/Categories/Gifts-%26-Sets/Makeup/Try-It-Kit%3A-Primer-Authority/p/BB_607710046931","5","4.77083333333","4.72916666667","177148717","c2c27723-699b-59b1-b8b7-d3acf4c5e473","beautyboutique","2017-02-23T20:30:20.000+00:00","2017-02-23T20:30:20.000+00:00","607710046931","BV_REVIEW_DISPLAY","Halifax, NS, Canada","os7qgisx7qe1xyuq91gquxoz6","False","0","0","5","True","","0","0","0","APPROVED","2017-02-23T20:06:34.000+00:00","Received part of the products from ipsy, and was happy to learn that it can be purchased also at Shoppers.
Great quality, the make up holds and stays longer.","Great quality","Nelik09","5","5"
"Try It Kit: Primer Authority","See why Smashbox is the primer authority with this collection of our superstar primers in irresistible try-me sizes!","Smashbox","https://www.beautyboutique.ca/Categories/Gifts-%26-Sets/Makeup/Try-It-Kit%3A-Primer-Authority/p/BB_607710046931","5","4.77083333333","4.72916666667","167168731","028dd97a-db58-5f0f-8626-91ed92de5416","beautyboutique","2016-10-24T13:30:21.000+00:00","2016-10-24T13:30:21.000+00:00","607710046931","BV_PIE","Brampton, ON, Canada","38jnm3cudqya18iv8r9gg93v9","False","0","0","5","True","","0","0","0","APPROVED","2016-10-24T03:49:32.000+00:00","These products are great I'm happy with all that was included. I especially like the water based one, but in any event I get to try different ones.","Primer kit","Karen6","5","5"
"Try It Kit: Primer Authority","See why Smashbox is the primer authority with this collection of our superstar primers in irresistible try-me sizes!","Smashbox","https://www.beautyboutique.ca/Categories/Gifts-%26-Sets/Makeup/Try-It-Kit%3A-Primer-Authority/p/BB_607710046931","5","4.77083333333","4.72916666667","184743320","d4cbc8fe-2232-53d3-b0ec-a1bb0a55a0dd","beautyboutique","2017-05-30T16:15:33.000+00:00","2017-05-30T16:15:33.000+00:00","607710046931","BV_REVIEW_DISPLAY","Kingston, ON, Canada","id5y3xoi8xqnq15lbbupv4gft","False","0","0","5","True","","0","0","0","APPROVED","2017-05-30T15:13:43.000+00:00","Ive never tried using a makeup primer before, so I bought the sample pack to try these products. But will probably be buying the big bottles next.","Love this product","MegOddie","5","5"
"Try It Kit: Primer Authority","See why Smashbox is the primer authority with this collection of our superstar primers in irresistible try-me sizes!","Smashbox","https://www.beautyboutique.ca/Categories/Gifts-%26-Sets/Makeup/Try-It-Kit%3A-Primer-Authority/p/BB_607710046931","5","4.77083333333","4.72916666667","161728902","5e4f4c14-0a81-5635-87b7-ab47966de830","beautyboutique","2016-08-30T00:45:54.000+00:00","2016-08-30T00:45:54.000+00:00","607710046931","BV_REVIEW_DISPLAY","Vancouver, BC, Canada","etqzns135zxuhuyzeezknvtq7","False","0","0","5","True","","0","0","0","APPROVED","2016-08-28T16:49:16.000+00:00","Got the chance to try set of Smashbox products and made me realize that it fits to my skin! Love how it made my skin smooth and flawless!","Super love this kit!","hewlette_packard","5","5"
"Try It Kit: Primer Authority","See why Smashbox is the primer authority with this collection of our superstar primers in irresistible try-me sizes!","Smashbox","https://www.beautyboutique.ca/Categories/Gifts-%26-Sets/Makeup/Try-It-Kit%3A-Primer-Authority/p/BB_607710046931","5","4.77083333333","4.72916666667","178319757","30c8595f-3e9b-50a4-b1a0-8e2b0ea080cf","beautyboutique","2017-03-11T17:30:10.000+00:00","2017-03-11T17:30:10.000+00:00","607710046931","BV_REVIEW_DISPLAY","White Rock, BC, Canada","mmpd4z0fxh8pik2pxv55588wp","False","0","0","5","True","","0","0","0","APPROVED","2017-03-11T17:11:52.000+00:00","Excellent product to apply before makeup foundation.  It seems to smooth out the skin color so that the makeup looks terrific.","Great primer product!","carolyn63","5","5"
"Try It Kit: Primer Authority","See why Smashbox is the primer authority with this collection of our superstar primers in irresistible try-me sizes!","Smashbox","https://www.beautyboutique.ca/Categories/Gifts-%26-Sets/Makeup/Try-It-Kit%3A-Primer-Authority/p/BB_607710046931","5","4.77083333333","4.72916666667","164904662","53ee6e01-009d-59bb-97eb-b7f03eaefa8c","beautyboutique","2016-09-21T10:30:11.000+00:00","2016-09-21T10:30:11.000+00:00","607710046931","BV_REVIEW_DISPLAY","Winnipeg, MB, Canada","e9eo7ymuinwl004x86yajb44r","False","0","0","5","True","","0","0","0","APPROVED","2016-09-21T05:06:32.000+00:00","I am very happy with this Try It Kit.  It's a clever way to sample primers.  I'm ready to purchase the bigger sizes!","A great way to try four products","MT204","5","5"
"Try It Kit: Primer Authority","See why Smashbox is the primer authority with this collection of our superstar primers in irresistible try-me sizes!","Smashbox","https://www.beautyboutique.ca/Categories/Gifts-%26-Sets/Makeup/Try-It-Kit%3A-Primer-Authority/p/BB_607710046931","5","4.77083333333","4.72916666667","160998601","ea69feab-92f4-5dfe-a31d-4714c6c70dd1","beautyboutique","2016-08-26T05:15:08.000+00:00","2016-08-26T05:15:08.000+00:00","607710046931","BV_REVIEW_DISPLAY","","lq46zqpgngaot22ptbu6mwtzu","False","0","0","5","True","","0","0","0","APPROVED","2016-08-24T05:30:17.000+00:00","Every product feels great on my face and makes my makeup look and feel great all day.  I'm super impressed.","Great value","bluetrees","5","5"
"Try It Kit: Primer Authority","See why Smashbox is the primer authority with this collection of our superstar primers in irresistible try-me sizes!","Smashbox","https://www.beautyboutique.ca/Categories/Gifts-%26-Sets/Makeup/Try-It-Kit%3A-Primer-Authority/p/BB_607710046931","5","4.77083333333","4.72916666667","188872702","27705831-6877-56a5-82e3-e7e4ca13892a","beautyboutique","2017-07-08T17:32:36.000+00:00","2017-07-08T17:32:36.000+00:00","607710046931","BV_REVIEW_DISPLAY","Ottawa, ON, Canada","ml9rp9a42ebjia6sudbuy7tqf","False","0","0","4","True","","0","0","0","APPROVED","2017-07-06T21:17:00.000+00:00","It is a good product and I'm happy to try the various formulas.","A nice sample set","finlay5","4","4"
"Try It Kit: Primer Authority","See why Smashbox is the primer authority with this collection of our superstar primers in irresistible try-me sizes!","Smashbox","https://www.beautyboutique.ca/Categories/Gifts-%26-Sets/Makeup/Try-It-Kit%3A-Primer-Authority/p/BB_607710046931","5","4.77083333333","4.72916666667","178060962","c7f448d5-ae2d-5f55-b92b-c765aec8cadd","beautyboutique","2017-03-07T13:45:23.000+00:00","2017-03-07T13:45:23.000+00:00","607710046931","BV_REVIEW_DISPLAY","Carleton Place, ON, Canada","edeywr1st22qio68ms75i6slf","False","0","0","5","True","0.0","1","1","0","APPROVED","2017-03-07T13:19:45.000+00:00","Love these products 
All work very well
Great starter kit for trying these products","Great products","Mkennedy","5","5"
"Try It Kit: Primer Authority","See why Smashbox is the primer authority with this collection of our superstar primers in irresistible try-me sizes!","Smashbox","https://www.beautyboutique.ca/Categories/Gifts-%26-Sets/Makeup/Try-It-Kit%3A-Primer-Authority/p/BB_607710046931","5","4.77083333333","4.72916666667","161682958","6f4c6eee-d4ba-5081-829e-05bf051cbf76","beautyboutique","2016-08-29T17:00:58.000+00:00","2016-08-29T17:00:58.000+00:00","607710046931","BV_REVIEW_DISPLAY","Burlington, ON, Canada","etxcwwmzb3coryboufdw846xl","False","0","0","5","True","","0","0","0","APPROVED","2016-08-27T20:18:13.000+00:00","All of the products work very well and this kit is well priced for what you get.","Great products","Anne4948","5","5"
"Try It Kit: Primer Authority","See why Smashbox is the primer authority with this collection of our superstar primers in irresistible try-me sizes!","Smashbox","https://www.beautyboutique.ca/Categories/Gifts-%26-Sets/Makeup/Try-It-Kit%3A-Primer-Authority/p/BB_607710046931","5","4.77083333333","4.72916666667","161597663","c5ad2daf-4791-5b47-80af-34dc8c957331","beautyboutique","2016-08-28T18:00:25.000+00:00","2016-08-28T18:00:25.000+00:00","607710046931","BV_REVIEW_DISPLAY","Edmonton, AB, Canada","hzmxnpslxb7tcg0jbuvq3l6fq","False","0","0","5","True","","0","0","0","APPROVED","2016-08-26T18:55:11.000+00:00","For the price this is amazing, love all the primers and great for travel","Amazing","beesaremyfavorite","5","5"
"Try It Kit: Primer Authority","See why Smashbox is the primer authority with this collection of our superstar primers in irresistible try-me sizes!","Smashbox","https://www.beautyboutique.ca/Categories/Gifts-%26-Sets/Makeup/Try-It-Kit%3A-Primer-Authority/p/BB_607710046931","5","4.77083333333","4.72916666667","176284280","a59c8893-bf71-5f67-8113-799cbde35449","beautyboutique","2017-02-12T18:30:12.000+00:00","2017-02-12T18:30:12.000+00:00","607710046931","BV_REVIEW_DISPLAY","Woodstock, Ontario, Canada","dr45kgiy9g9zkflgbw05xe0s5","False","0","0","5","True","","0","0","0","APPROVED","2017-02-12T18:02:41.000+00:00","I bought this to put in my travel bag. Great value...love the products.","Good Try it Kit.","23BETH","4","5"
"Try It Kit: Primer Authority","See why Smashbox is the primer authority with this collection of our superstar primers in irresistible try-me sizes!","Smashbox","https://www.beautyboutique.ca/Categories/Gifts-%26-Sets/Makeup/Try-It-Kit%3A-Primer-Authority/p/BB_607710046931","5","4.77083333333","4.72916666667","169674789","ca5f4f4b-1dbd-55aa-9944-6ba1a8b4b8b5","beautyboutique","2016-11-28T14:15:19.000+00:00","2016-11-28T14:15:19.000+00:00","607710046931","BV_PIE","Toronto, ON, Canada","u0meqe6u0hrkyq2y1svjhiiys","False","0","0","4","True","","0","0","0","APPROVED","2016-11-27T03:21:56.000+00:00","Really happy with face primer.  Not so happy with eyeshadow primer.","Excellent primer","Lee16","5","5"
"Try It Kit: Primer Authority","See why Smashbox is the primer authority with this collection of our superstar primers in irresistible try-me sizes!","Smashbox","https://www.beautyboutique.ca/Categories/Gifts-%26-Sets/Makeup/Try-It-Kit%3A-Primer-Authority/p/BB_607710046931","5","4.77083333333","4.72916666667","166369100","653bda83-4742-5088-b622-1dc9ad8b0c84","beautyboutique","2016-10-13T16:01:14.000+00:00","2016-10-13T16:01:14.000+00:00","607710046931","BV_REVIEW_DISPLAY","","2af5mt4h5hnk4eae7plxgb6ex","False","0","0","5","","","0","0","0","APPROVED","2016-10-12T14:20:46.000+00:00","Excellent way to try the brand. Loved all 4 products. Good sizes.","Great Set!","Beauty123","5","4"
"Try It Kit: Primer Authority","See why Smashbox is the primer authority with this collection of our superstar primers in irresistible try-me sizes!","Smashbox","https://www.beautyboutique.ca/Categories/Gifts-%26-Sets/Makeup/Try-It-Kit%3A-Primer-Authority/p/BB_607710046931","5","4.77083333333","4.72916666667","177397958","ffed367d-728d-59f9-ac4c-82eab2945171","beautyboutique","2017-02-27T03:00:08.000+00:00","2017-02-27T03:00:08.000+00:00","607710046931","BV_REVIEW_DISPLAY","Caledonia, ON, Canada","ppadpbjp0jfdq07r92d70alar","False","0","0","5","True","","0","0","0","APPROVED","2017-02-27T02:25:50.000+00:00","Fav purchase, well worth it! I use it daily under my foundation","Great coverage, creates smooth surface","Tdavey","5","5"
"Try It Kit: Primer Authority","See why Smashbox is the primer authority with this collection of our superstar primers in irresistible try-me sizes!","Smashbox","https://www.beautyboutique.ca/Categories/Gifts-%26-Sets/Makeup/Try-It-Kit%3A-Primer-Authority/p/BB_607710046931","5","4.77083333333","4.72916666667","177788935","d76c3503-5658-55ef-8eff-31fee3a487e1","beautyboutique","2017-03-02T22:00:07.000+00:00","2017-03-02T22:00:07.000+00:00","607710046931","BV_REVIEW_DISPLAY","Nova Scotia, Canada","78ru4j62mtv6n78q26l8nl184","False","0","0","5","True","","0","0","0","APPROVED","2017-03-02T21:03:54.000+00:00","I LOVE this primer sooo much! It makes your skin look flawless","Gre","Katie123","5","5"
"Try It Kit: Primer Authority","See why Smashbox is the primer authority with this collection of our superstar primers in irresistible try-me sizes!","Smashbox","https://www.beautyboutique.ca/Categories/Gifts-%26-Sets/Makeup/Try-It-Kit%3A-Primer-Authority/p/BB_607710046931","5","4.77083333333","4.72916666667","177161699","8764b209-e60f-5d27-9121-8d747a8a2adf","beautyboutique","2017-02-24T04:00:07.000+00:00","2017-02-24T04:00:07.000+00:00","607710046931","BV_REVIEW_DISPLAY","Markham, ON, Canada","dt8wjjudjdszy3o7qge5gt3f1","False","0","0","4","True","","0","0","0","APPROVED","2017-02-24T02:49:02.000+00:00","It helps prevent creasing under my eyes when I wear foundation","Good product","person","4","4"
"Try It Kit: Primer Authority","See why Smashbox is the primer authority with this collection of our superstar primers in irresistible try-me sizes!","Smashbox","https://www.beautyboutique.ca/Categories/Gifts-%26-Sets/Makeup/Try-It-Kit%3A-Primer-Authority/p/BB_607710046931","5","4.77083333333","4.72916666667","180583106","924d19b3-7b4a-5ad9-8ac5-81d07e97a866","beautyboutique","2017-04-06T23:45:10.000+00:00","2017-04-06T23:45:10.000+00:00","607710046931","BV_REVIEW_DISPLAY","Montreal, QC, Canada","pore4tydr6vtlhyomladllr0m","False","0","0","5","True","","0","0","0","APPROVED","2017-04-06T23:06:49.000+00:00","very nice products to try for the first time at a great price","great starting kit","fortune1","5","5"
"Try It Kit: Primer Authority","See why Smashbox is the primer authority with this collection of our superstar primers in irresistible try-me sizes!","Smashbox","https://www.beautyboutique.ca/Categories/Gifts-%26-Sets/Makeup/Try-It-Kit%3A-Primer-Authority/p/BB_607710046931","5","4.77083333333","4.72916666667","163842578","d051e9e1-c94d-5770-a779-c542b4a07b5d","beautyboutique","2016-09-11T16:45:21.000+00:00","2016-09-11T16:45:21.000+00:00","607710046931","BV_PIE","Fort Qu'Appelle, SK, Canada","u2f8j7fk56f1aseoixtsb9d7q","False","0","0","5","True","0.0","1","1","0","APPROVED","2016-09-11T13:05:26.000+00:00","Really like this kit - will be getting more of this product!","Smashbox Primer Kit","jojo55","",""
"Try It Kit: Primer Authority","See why Smashbox is the primer authority with this collection of our superstar primers in irresistible try-me sizes!","Smashbox","https://www.beautyboutique.ca/Categories/Gifts-%26-Sets/Makeup/Try-It-Kit%3A-Primer-Authority/p/BB_607710046931","5","4.77083333333","4.72916666667","172132620","ce66c84a-b0e1-5b80-8e0e-007e54eb5fb1","beautyboutique","2017-01-04T00:36:24.000+00:00","2017-01-04T00:36:24.000+00:00","607710046931","BV_REVIEW_DISPLAY","Hamilton, ON, Canada","9ykvdz8gks79rk1jw1ieayepv","False","0","0","5","True","","0","0","0","APPROVED","2017-01-01T22:26:38.000+00:00","i bought this last month and i am totally loving it","amazing","umami","5","5"
