"RK","GOLDER","CNTRY","WINS","TOP_10_FINISHES","TOP_25_FINISHES","POINTS","PROFILE"
"1","Dustin Johnson","USA","3","6","8","2,270","http://www.cbssports.com/golf/players/playerpage/1232149/dustin-johnson"
"2","Hideki Matsuyama","JPN","2","5","8","2,145","http://www.cbssports.com/golf/players/playerpage/1793873/hideki-matsuyama"
"3","Justin Thomas","USA","3","8","10","2,060","http://www.cbssports.com/golf/players/playerpage/1699702/justin-thomas"
"4","Jordan Spieth","USA","2","7","11","1,979","http://www.cbssports.com/golf/players/playerpage/1750636/jordan-spieth"
"5","Jon Rahm","ESP","1","7","10","1,708","http://www.cbssports.com/golf/players/playerpage/2241778/jon-rahm"
"6","Rickie Fowler","USA","1","7","10","1,592","http://www.cbssports.com/golf/players/playerpage/1619354/rickie-fowler"
"7","Brooks Koepka","USA","1","5","7","1,534","http://www.cbssports.com/golf/players/playerpage/1988936/brooks-koepka"
"8","Kevin Kisner","USA","1","6","10","1,458","http://www.cbssports.com/golf/players/playerpage/1196424/kevin-kisner"
"9","Daniel Berger","USA","1","5","7","1,450","http://www.cbssports.com/golf/players/playerpage/2067161/daniel-berger"
"10","Pat Perez","USA","1","5","11","1,426","http://www.cbssports.com/golf/players/playerpage/285342/pat-perez"
"11","Brian Harman","USA","1","6","11","1,420","http://www.cbssports.com/golf/players/playerpage/485591/brian-harman"
"12","Adam Hadwin","CAN","1","4","7","1,246","http://www.cbssports.com/golf/players/playerpage/1839646/adam-hadwin"
"13","Brendan Steele","USA","1","4","9","1,186","http://www.cbssports.com/golf/players/playerpage/1113562/brendan-steele"
"14","Kyle Stanley","USA","1","5","9","1,183","http://www.cbssports.com/golf/players/playerpage/1207765/kyle-stanley"
"15","Marc Leishman","AUS","1","4","11","1,156","http://www.cbssports.com/golf/players/playerpage/468276/marc-leishman"
"16","Billy Horschel","USA","1","4","6","1,051","http://www.cbssports.com/golf/players/playerpage/1111909/billy-horschel"
"17","Sergio Garcia","ESP","1","2","8","1,049","http://www.cbssports.com/golf/players/playerpage/238069/sergio-garcia"
"18","Charles Howell III","USA","0","5","9","1,047","http://www.cbssports.com/golf/players/playerpage/285321/charles-howell-iii"
"19","Russell Henley","USA","1","3","8","999","http://www.cbssports.com/golf/players/playerpage/1746758/russell-henley"
"20","Jason Dufner","USA","1","2","10","998","http://www.cbssports.com/golf/players/playerpage/460241/jason-dufner"
"21","Justin Rose","ENG","0","4","6","984","http://www.cbssports.com/golf/players/playerpage/399341/justin-rose"
"22","Charley Hoffman","USA","0","5","10","924","http://www.cbssports.com/golf/players/playerpage/238121/charley-hoffman"
"23","Mackenzie Hughes","CAN","1","2","7","913","http://www.cbssports.com/golf/players/playerpage/1998149/mackenzie-hughes"
"24","Paul Casey","ENG","0","5","11","904","http://www.cbssports.com/golf/players/playerpage/399360/paul-casey"
"25","Bill Haas","USA","0","3","11","900","http://www.cbssports.com/golf/players/playerpage/464970/bill-haas"
"26","Wesley Bryan","USA","1","4","4","870","http://www.cbssports.com/golf/players/playerpage/2234683/wesley-bryan"
"27","Gary Woodland","USA","0","4","5","862","http://www.cbssports.com/golf/players/playerpage/1279672/gary-woodland"
"28","Kevin Chappell","USA","1","3","4","851","http://www.cbssports.com/golf/players/playerpage/1626409/kevin-chappell"
"29","Si Woo Kim","KOR","1","2","4","832","http://www.cbssports.com/golf/players/playerpage/2041460/si-woo-kim"
"30","Hudson Swafford","USA","1","3","4","823","http://www.cbssports.com/golf/players/playerpage/1228124/hudson-swafford"
"31","Tony Finau","USA","0","4","8","795","http://www.cbssports.com/golf/players/playerpage/1128992/tony-finau"
"32","Matt Kuchar","USA","0","4","11","781","http://www.cbssports.com/golf/players/playerpage/285325/matt-kuchar"
"33","Webb Simpson","USA","0","3","7","775","http://www.cbssports.com/golf/players/playerpage/1098591/webb-simpson"
"34","Sung Kang","KOR","0","3","8","775","http://www.cbssports.com/golf/players/playerpage/520991/sung-kang"
"35","Cameron Smith","AUS","1","3","4","762","http://www.cbssports.com/golf/players/playerpage/2075023/cameron-smith"
"36","Francesco Molinari","ITA","0","4","11","741","http://www.cbssports.com/golf/players/playerpage/1195203/francesco-molinari"
"37","Louis Oosthuizen","SAF","0","2","7","718","http://www.cbssports.com/golf/players/playerpage/471382/louis-oosthuizen"
"38","Keegan Bradley","USA","0","5","9","702","http://www.cbssports.com/golf/players/playerpage/1674027/keegan-bradley"
"39","Luke List","USA","0","3","8","694","http://www.cbssports.com/golf/players/playerpage/399343/luke-list"
"40","Phil Mickelson","USA","0","4","10","678","http://www.cbssports.com/golf/players/playerpage/132075/phil-mickelson"
"41","Martin Laird","SCO","0","5","7","676","http://www.cbssports.com/golf/players/playerpage/518224/martin-laird"
"42","Charl Schwartzel","SAF","0","3","4","674","http://www.cbssports.com/golf/players/playerpage/1194890/charl-schwartzel"
"43","Brandt Snedeker","USA","0","4","8","663","http://www.cbssports.com/golf/players/playerpage/490805/brandt-snedeker"
"44","Anirban Lahiri","IND","0","2","6","639","http://www.cbssports.com/golf/players/playerpage/1697795/anirban-lahiri"
"45","Lucas Glover","USA","0","4","6","635","http://www.cbssports.com/golf/players/playerpage/460254/lucas-glover"
"46","Rod Pampling","AUS","1","1","2","627","http://www.cbssports.com/golf/players/playerpage/285340/rod-pampling"
"47","Sean O'Hair","USA","0","4","6","613","http://www.cbssports.com/golf/players/playerpage/471182/sean-ohair"
"48","Danny Lee","NZL","0","3","8","608","http://www.cbssports.com/golf/players/playerpage/1196122/danny-lee"
"49","Jason Day","AUS","0","2","6","607","http://www.cbssports.com/golf/players/playerpage/533501/jason-day"
"50","Patrick Reed","USA","0","2","10","606","http://www.cbssports.com/golf/players/playerpage/1757897/patrick-reed"
"51","Bud Cauley","USA","0","5","6","579","http://www.cbssports.com/golf/players/playerpage/1744734/bud-cauley"
"52","Jonas Blixt","SWE","1","1","4","578","http://www.cbssports.com/golf/players/playerpage/502962/jonas-blixt"
"53","Stewart Cink","USA","0","3","9","574","http://www.cbssports.com/golf/players/playerpage/131982/stewart-cink"
"54","Scott Brown","USA","0","2","4","563","http://www.cbssports.com/golf/players/playerpage/1196758/scott-brown"
"55","Ollie Schniederjans","USA","0","4","6","561","http://www.cbssports.com/golf/players/playerpage/2156105/ollie-schniederjans"
"56","Kelly Kraft","USA","0","2","4","558","http://www.cbssports.com/golf/players/playerpage/1958415/kelly-kraft"
"57","Chez Reavie","USA","0","3","7","556","http://www.cbssports.com/golf/players/playerpage/399358/chez-reavie"
"58","Ryan Moore","USA","0","2","7","549","http://www.cbssports.com/golf/players/playerpage/470350/ryan-moore"
"59","Patrick Cantlay","USA","0","2","4","549","http://www.cbssports.com/golf/players/playerpage/1839645/patrick-cantlay"
"60","James Hahn","USA","0","3","5","546","http://www.cbssports.com/golf/players/playerpage/1733532/james-hahn"
"61","Kevin Tway","USA","0","3","5","544","http://www.cbssports.com/golf/players/playerpage/1619348/kevin-tway"
"62","Russell Knox","SCO","0","3","6","543","http://www.cbssports.com/golf/players/playerpage/1672528/russell-knox"
"63","Jamie Lovemark","USA","0","3","6","536","http://www.cbssports.com/golf/players/playerpage/1112285/jamie-lovemark"
"64","Adam Scott","AUS","0","4","7","534","http://www.cbssports.com/golf/players/playerpage/399342/adam-scott"
"65","Scott Piercy","USA","0","4","6","532","http://www.cbssports.com/golf/players/playerpage/472008/scott-piercy"
"66","Rory McIlroy","NIR","0","4","5","526","http://www.cbssports.com/golf/players/playerpage/554014/rory-mcilroy"
"67","Jim Herman","USA","0","2","6","521","http://www.cbssports.com/golf/players/playerpage/1505984/jim-herman"
"68","Emiliano Grillo","ARG","0","2","6","511","http://www.cbssports.com/golf/players/playerpage/1804015/emiliano-grillo"
"69","Cody Gribble","USA","1","2","4","509","http://www.cbssports.com/golf/players/playerpage/2064622/cody-gribble"
"70","Whee Kim","KOR","0","2","5","505","http://www.cbssports.com/golf/players/playerpage/1968714/whee-kim"
"71","Kevin Streelman","USA","0","2","8","503","http://www.cbssports.com/golf/players/playerpage/474965/kevin-streelman"
"72","Graham DeLaet","CAN","0","5","8","497","http://www.cbssports.com/golf/players/playerpage/462329/graham-delaet"
"73","William McGirt","USA","0","3","6","496","http://www.cbssports.com/golf/players/playerpage/1260543/william-mcgirt"
"74","Morgan Hoffmann","USA","0","1","4","489","http://www.cbssports.com/golf/players/playerpage/1696961/morgan-hoffmann"
"75","Rafa Cabrera Bello","ESP","0","3","6","477","http://www.cbssports.com/golf/players/playerpage/1195404/rafa-cabrera-bello"
"76","Jhonattan Vegas","VEN","0","2","5","473","http://www.cbssports.com/golf/players/playerpage/476223/jhonattan-vegas"
"77","Ian Poulter","ENG","0","1","3","470","http://www.cbssports.com/golf/players/playerpage/401338/ian-poulter"
"78","C.T. Pan","TWN","0","3","3","466","http://www.cbssports.com/golf/players/playerpage/1219711/ct-pan"
"79","Kevin Na","USA","0","3","5","459","http://www.cbssports.com/golf/players/playerpage/460229/kevin-na"
"80","Nick Taylor","CAN","0","3","7","456","http://www.cbssports.com/golf/players/playerpage/475425/nick-taylor"
"81","Michael Kim","USA","0","1","6","452","http://www.cbssports.com/golf/players/playerpage/2064617/michael-kim"
"82","Byeong Hun An","KOR","0","3","4","436","http://www.cbssports.com/golf/players/playerpage/1681601/byeong-hun-an"
"83","Chad Campbell","USA","0","2","5","434","http://www.cbssports.com/golf/players/playerpage/149523/chad-campbell"
"84","Chris Kirk","USA","0","3","5","434","http://www.cbssports.com/golf/players/playerpage/1232152/chris-kirk"
"85","D.A. Points","USA","1","1","3","425","http://www.cbssports.com/golf/players/playerpage/238154/da-points"
"86","Jason Kokrak","USA","0","1","5","424","http://www.cbssports.com/golf/players/playerpage/1226012/jason-kokrak"
"87","Luke Donald","ENG","0","1","3","424","http://www.cbssports.com/golf/players/playerpage/291587/luke-donald"
"88","J.J. Spaun","USA","0","3","5","423","http://www.cbssports.com/golf/players/playerpage/2219940/jj-spaun"
"89","Patton Kizzire","USA","0","2","2","413","http://www.cbssports.com/golf/players/playerpage/1639297/patton-kizzire"
"90","Henrik Stenson","SWE","0","2","3","399","http://www.cbssports.com/golf/players/playerpage/474782/henrik-stenson"
"91","David Lingmerth","SWE","0","1","6","397","http://www.cbssports.com/golf/players/playerpage/1758026/david-lingmerth"
"92","Branden Grace","SAF","0","1","5","386","http://www.cbssports.com/golf/players/playerpage/1196259/branden-grace"
"93","Seung-yul Noh","KOR","0","3","5","384","http://www.cbssports.com/golf/players/playerpage/1108939/seung-yul-noh"
"94","Xander Schauffele","USA","0","2","5","378","http://www.cbssports.com/golf/players/playerpage/2237304/xander-schauffele"
"95","J.B. Holmes","USA","0","1","5","377","http://www.cbssports.com/golf/players/playerpage/594119/jb-holmes"
"96","Dominic Bozzelli","USA","0","3","3","368","http://www.cbssports.com/golf/players/playerpage/2066221/dominic-bozzelli"
"97","Zach Johnson","USA","0","2","4","363","http://www.cbssports.com/golf/players/playerpage/460187/zach-johnson"
"98","Camilo Villegas","COL","0","2","4","363","http://www.cbssports.com/golf/players/playerpage/497581/camilo-villegas"
"99","Harris English","USA","0","2","4","361","http://www.cbssports.com/golf/players/playerpage/1746754/harris-english"
"100","John Huh","USA","0","2","3","357","http://www.cbssports.com/golf/players/playerpage/1782711/john-huh"
"101","Jimmy Walker","USA","0","1","6","355","http://www.cbssports.com/golf/players/playerpage/476405/jimmy-walker"
"102","Derek Fathauer","USA","0","1","4","340","http://www.cbssports.com/golf/players/playerpage/1336129/derek-fathauer"
"103","Nick Watney","USA","0","1","5","340","http://www.cbssports.com/golf/players/playerpage/476578/nick-watney"
"104","Patrick Rodgers","USA","0","2","5","336","http://www.cbssports.com/golf/players/playerpage/1989776/patrick-rodgers"
"105","Geoff Ogilvy","AUS","0","1","5","335","http://www.cbssports.com/golf/players/playerpage/238088/geoff-ogilvy"
"106","Graeme McDowell","NIR","0","0","4","331","http://www.cbssports.com/golf/players/playerpage/469607/graeme-mcdowell"
"107","Billy Hurley III","USA","0","1","4","330","http://www.cbssports.com/golf/players/playerpage/1098581/billy-hurley-iii"
"108","Zac Blair","USA","0","1","2","330","http://www.cbssports.com/golf/players/playerpage/2069396/zac-blair"
"109","Brian Gay","USA","0","2","3","325","http://www.cbssports.com/golf/players/playerpage/149707/brian-gay"
"110","Blayne Barber","USA","0","1","2","313","http://www.cbssports.com/golf/players/playerpage/1848126/blayne-barber"
"111","J.T. Poston","USA","0","1","4","308","http://www.cbssports.com/golf/players/playerpage/2237326/jt-poston"
"112","Vaughn Taylor","USA","0","0","6","304","http://www.cbssports.com/golf/players/playerpage/460172/vaughn-taylor"
"113","Grayson Murray","USA","0","1","4","296","http://www.cbssports.com/golf/players/playerpage/1995576/grayson-murray"
"114","Ryan Palmer","USA","0","2","3","293","http://www.cbssports.com/golf/players/playerpage/460170/ryan-palmer"
"115","Bubba Watson","USA","0","3","4","293","http://www.cbssports.com/golf/players/playerpage/460245/bubba-watson"
"116","Steve Stricker","USA","0","1","5","292","http://www.cbssports.com/golf/players/playerpage/132119/steve-stricker"
"117","Tyrone Van Aswegen","SAF","0","1","3","292","http://www.cbssports.com/golf/players/playerpage/1195226/tyrone-van-aswegen"
"118","Aaron Baddeley","AUS","0","2","4","290","http://www.cbssports.com/golf/players/playerpage/449747/aaron-baddeley"
"119","Ryan Blaum","USA","0","0","4","286","http://www.cbssports.com/golf/players/playerpage/519562/ryan-blaum"
"120","Brian Stuard","USA","0","0","4","285","http://www.cbssports.com/golf/players/playerpage/1616893/brian-stuard"
"121","Johnson Wagner","USA","0","2","3","279","http://www.cbssports.com/golf/players/playerpage/460277/johnson-wagner"
"122","Michael Thompson","USA","0","1","6","278","http://www.cbssports.com/golf/players/playerpage/475589/michael-thompson"
"123","Trey Mullinax","USA","0","1","4","274","http://www.cbssports.com/golf/players/playerpage/2156026/trey-mullinax"
"124","Cameron Tringale","USA","0","2","2","271","http://www.cbssports.com/golf/players/playerpage/1681033/cameron-tringale"
"125","David Hearn","CAN","0","2","5","271","http://www.cbssports.com/golf/players/playerpage/465517/david-hearn"
"126","Shane Lowry","IRE","0","0","5","267","http://www.cbssports.com/golf/players/playerpage/1675821/shane-lowry"
"127","Ben Martin","USA","0","1","3","264","http://www.cbssports.com/golf/players/playerpage/1681036/ben-martin"
"128","Bryson DeChambeau","USA","0","1","2","256","http://www.cbssports.com/golf/players/playerpage/2176411/bryson-dechambeau"
"129","Daniel Summerhays","USA","0","1","3","254","http://www.cbssports.com/golf/players/playerpage/475094/daniel-summerhays"
"130","Scott Stallings","USA","0","1","4","253","http://www.cbssports.com/golf/players/playerpage/1229764/scott-stallings"
"131","Robert Garrigus","USA","0","0","3","241","http://www.cbssports.com/golf/players/playerpage/460197/robert-garrigus"
"132","Matt Jones","AUS","0","0","5","241","http://www.cbssports.com/golf/players/playerpage/466923/matt-jones"
"133","Harold Varner III","USA","0","0","4","237","http://www.cbssports.com/golf/players/playerpage/2117954/harold-varner-iii"
"134","J.J. Henry","USA","0","1","5","237","http://www.cbssports.com/golf/players/playerpage/149569/jj-henry"
"135","Smylie Kaufman","USA","0","1","2","236","http://www.cbssports.com/golf/players/playerpage/2133371/smylie-kaufman"
"136","Brandon Hagy","USA","0","0","3","231","http://www.cbssports.com/golf/players/playerpage/2155896/brandon-hagy"
"137","Robert Streb","USA","0","1","3","231","http://www.cbssports.com/golf/players/playerpage/1758933/robert-streb"
"138","Troy Merritt","USA","0","1","5","224","http://www.cbssports.com/golf/players/playerpage/1639167/troy-merritt"
"139","Soren Kjeldsen","DEN","0","1","2","219","http://www.cbssports.com/golf/players/playerpage/401320/soren-kjeldsen"
"140","Jim Furyk","USA","0","1","2","218","http://www.cbssports.com/golf/players/playerpage/132018/jim-furyk"
"141","Sam Saunders","USA","0","1","4","214","http://www.cbssports.com/golf/players/playerpage/1098589/sam-saunders"
"142","Seamus Power","IRE","0","0","1","201","http://www.cbssports.com/golf/players/playerpage/1195786/seamus-power"
"143","Ricky Barnes","USA","0","0","4","201","http://www.cbssports.com/golf/players/playerpage/399349/ricky-barnes"
"144","Cameron Percy","AUS","0","1","4","200","http://www.cbssports.com/golf/players/playerpage/401337/cameron-percy"
"145","Ben Crane","USA","0","1","3","197","http://www.cbssports.com/golf/players/playerpage/238111/ben-crane"
"146","Kyle Reifers","USA","0","0","2","187","http://www.cbssports.com/golf/players/playerpage/1112793/kyle-reifers"
"147","Martin Flores","USA","0","1","3","183","http://www.cbssports.com/golf/players/playerpage/564225/martin-flores"
"148","Spencer Levin","USA","0","1","2","179","http://www.cbssports.com/golf/players/playerpage/468347/spencer-levin"
"149","Greg Owen","ENG","0","1","2","179","http://www.cbssports.com/golf/players/playerpage/401336/greg-owen"
"150","Jonathan Randolph","USA","0","1","2","177","http://www.cbssports.com/golf/players/playerpage/1995594/jonathan-randolph"
"151","Tim Wilkinson","NZL","0","0","4","177","http://www.cbssports.com/golf/players/playerpage/477023/tim-wilkinson"
"152","Julian Etulain","ARG","0","1","3","175","http://www.cbssports.com/golf/players/playerpage/1738270/julian-etulain"
"153","Alex Cejka","GER","0","0","2","169","http://www.cbssports.com/golf/players/playerpage/399374/alex-cejka"
"154","Fabian Gomez","ARG","0","0","3","168","http://www.cbssports.com/golf/players/playerpage/569990/fabian-gomez"
"155","Boo Weekley","USA","0","1","1","164","http://www.cbssports.com/golf/players/playerpage/285351/boo-weekley"
"156","Retief Goosen","SAF","0","1","2","161","http://www.cbssports.com/golf/players/playerpage/238071/retief-goosen"
"157","Ryan Brehm","USA","0","0","1","160","http://www.cbssports.com/golf/players/playerpage/557217/ryan-brehm"
"158","Chris Stroud","USA","0","1","3","157","http://www.cbssports.com/golf/players/playerpage/521003/chris-stroud"
"159","Richy Werenski","USA","0","1","2","155","http://www.cbssports.com/golf/players/playerpage/2237947/richy-werenski"
"160","John Peterson","USA","0","0","3","153","http://www.cbssports.com/golf/players/playerpage/1848129/john-peterson"
"161","Andres Gonzales","USA","0","0","1","146","http://www.cbssports.com/golf/players/playerpage/1125396/andres-gonzales"
"162","Ryo Ishikawa","JPN","0","1","2","137","http://www.cbssports.com/golf/players/playerpage/1223768/ryo-ishikawa"
"163","Chad Collins","USA","0","1","1","132","http://www.cbssports.com/golf/players/playerpage/461502/chad-collins"
"164","Joel Dahmen","USA","0","1","2","130","http://www.cbssports.com/golf/players/playerpage/1995527/joel-dahmen"
"165","Will MacKenzie","USA","0","0","2","127","http://www.cbssports.com/golf/players/playerpage/468816/will-mackenzie"
"166","Shawn Stefani","USA","0","1","1","125","http://www.cbssports.com/golf/players/playerpage/1681025/shawn-stefani"
"167","Tag Ridings","USA","0","0","1","123","http://www.cbssports.com/golf/players/playerpage/460176/tag-ridings"
"168","Bill Lunde","USA","0","1","1","121","http://www.cbssports.com/golf/players/playerpage/399345/bill-lunde"
"169","Brett Stegmaier","USA","0","0","1","120","http://www.cbssports.com/golf/players/playerpage/1196070/brett-stegmaier"
"170","Bryce Molder","USA","0","0","0","105","http://www.cbssports.com/golf/players/playerpage/399350/bryce-molder"
"171","Gonzalo Fernandez-Castano","ESP","0","0","1","105","http://www.cbssports.com/golf/players/playerpage/1194981/gonzalo-fernandez-castano"
"172","Greg Chalmers","AUS","0","0","1","104","http://www.cbssports.com/golf/players/playerpage/149693/greg-chalmers"
"173","Roberto Castro","USA","0","0","0","102","http://www.cbssports.com/golf/players/playerpage/1618632/roberto-castro"
"174","Andrew Loupe","USA","0","1","1","98","http://www.cbssports.com/golf/players/playerpage/555032/andrew-loupe"
"175","Steve Wheatcroft","USA","0","1","1","97","http://www.cbssports.com/golf/players/playerpage/476826/steve-wheatcroft"
"176","Angel Cabrera","ARG","0","1","1","96","http://www.cbssports.com/golf/players/playerpage/399373/angel-cabrera"
"177","Rory Sabbatini","SAF","0","0","1","95","http://www.cbssports.com/golf/players/playerpage/149748/rory-sabbatini"
"178","Peter Malnati","USA","0","0","0","90","http://www.cbssports.com/golf/players/playerpage/1766571/peter-malnati"
"179","Steven Alker","NZL","0","0","1","89","http://www.cbssports.com/golf/players/playerpage/458435/steven-alker"
"180","Tom Hoge","USA","0","1","2","88","http://www.cbssports.com/golf/players/playerpage/1848642/tom-hoge"
"181","Nicholas Lindheim","USA","0","0","1","84","http://www.cbssports.com/golf/players/playerpage/2021137/nicholas-lindheim"
"182","Mark Anderson","USA","0","1","2","83","http://www.cbssports.com/golf/players/playerpage/1734462/mark-anderson"
"183","Andrew Johnston","ENG","0","1","1","83","http://www.cbssports.com/golf/players/playerpage/1787447/andrew-johnston"
"184","Vijay Singh","FIJ","0","0","1","82","http://www.cbssports.com/golf/players/playerpage/132108/vijay-singh"
"185","Ryan Armour","USA","0","0","0","82","http://www.cbssports.com/golf/players/playerpage/458705/ryan-armour"
"186","Padraig Harrington","IRE","0","0","1","80","http://www.cbssports.com/golf/players/playerpage/399340/padraig-harrington"
"187","Willy Wilcox","USA","0","0","2","76","http://www.cbssports.com/golf/players/playerpage/1754482/willy-wilcox"
"188","Hiroshi Iwata","JPN","0","1","1","76","http://www.cbssports.com/golf/players/playerpage/495751/hiroshi-iwata"
"189","K.J. Choi","KOR","0","0","2","75","http://www.cbssports.com/golf/players/playerpage/238066/kj-choi"
"190","Jason Bohn","USA","0","0","0","73","http://www.cbssports.com/golf/players/playerpage/459707/jason-bohn"
"191","Ken Duke","USA","0","0","1","73","http://www.cbssports.com/golf/players/playerpage/460104/ken-duke"
"192","Carl Pettersson","SWE","0","0","1","69","http://www.cbssports.com/golf/players/playerpage/460227/carl-pettersson"
"193","Brett Drewitt","AUS","0","0","0","69","http://www.cbssports.com/golf/players/playerpage/2253203/brett-drewitt"
"194","Brian Campbell","USA","0","0","1","66","http://www.cbssports.com/golf/players/playerpage/2133368/brian-campbell"
"195","Hunter Mahan","USA","0","0","1","66","http://www.cbssports.com/golf/players/playerpage/399363/hunter-mahan"
"196","Brad Fritsch","CAN","0","0","0","65","http://www.cbssports.com/golf/players/playerpage/463879/brad-fritsch"
"197","Jon Curran","USA","0","0","0","60","http://www.cbssports.com/golf/players/playerpage/1754329/jon-curran"
"198","Sebastian Munoz","COL","0","0","0","59","http://www.cbssports.com/golf/players/playerpage/2234684/sebastian-munoz"
"199","Michael Putnam","USA","0","0","0","58","http://www.cbssports.com/golf/players/playerpage/563448/michael-putnam"
"200","Miguel Angel Carballo","ARG","0","0","1","57","http://www.cbssports.com/golf/players/playerpage/1195326/miguel-angel-carballo"
"201","Andres Romero","ARG","0","0","1","56","http://www.cbssports.com/golf/players/playerpage/1195117/andres-romero"
"202","Jason Gore","USA","0","0","1","56","http://www.cbssports.com/golf/players/playerpage/238072/jason-gore"
"203","Matt Every","USA","0","0","0","56","http://www.cbssports.com/golf/players/playerpage/555028/matt-every"
"204","John Senden","AUS","0","0","0","55","http://www.cbssports.com/golf/players/playerpage/285347/john-senden"
"205","Rick Lamb","USA","0","0","1","53","http://www.cbssports.com/golf/players/playerpage/2155966/rick-lamb"
"206","Fred Couples","USA","0","0","1","52","http://www.cbssports.com/golf/players/playerpage/131988/fred-couples"
"207","Jonathan Byrd","USA","0","0","1","51","http://www.cbssports.com/golf/players/playerpage/238106/jonathan-byrd"
"208","Mark Wilson","USA","0","0","0","51","http://www.cbssports.com/golf/players/playerpage/460139/mark-wilson"
"209","Mark Hubbard","USA","0","0","0","48","http://www.cbssports.com/golf/players/playerpage/2075034/mark-hubbard"
"210","Steve Marino","USA","0","0","0","45","http://www.cbssports.com/golf/players/playerpage/469111/steve-marino"
"211","Ernie Els","SAF","0","0","0","45","http://www.cbssports.com/golf/players/playerpage/132002/ernie-els"
"212","Bob Estes","USA","0","0","0","41","http://www.cbssports.com/golf/players/playerpage/132003/bob-estes"
"213","Jerry Kelly","USA","0","0","1","34","http://www.cbssports.com/golf/players/playerpage/132048/jerry-kelly"
"214","Freddie Jacobson","SWE","0","0","1","32","http://www.cbssports.com/golf/players/playerpage/238125/freddie-jacobson"
"215","Brendon de Jonge","ZIM","0","0","0","31","http://www.cbssports.com/golf/players/playerpage/462219/brendon-de-jonge"
"216","Tyler Aldridge","USA","0","0","0","28","http://www.cbssports.com/golf/players/playerpage/1196380/tyler-aldridge"
"217","Y.E. Yang","KOR","0","0","0","27","http://www.cbssports.com/golf/players/playerpage/477465/ye-yang"
"218","Danny Willett","ENG","0","0","0","20","http://www.cbssports.com/golf/players/playerpage/1604396/danny-willett"
"219","Dicky Pride","USA","0","0","0","18","http://www.cbssports.com/golf/players/playerpage/132096/dicky-pride"
"220","Zack Sucher","USA","0","0","0","18","http://www.cbssports.com/golf/players/playerpage/1685605/zack-sucher"
"221","Davis Love III","USA","0","0","0","17","http://www.cbssports.com/golf/players/playerpage/132060/davis-love-iii"
"222","John Merrick","USA","0","0","0","12","http://www.cbssports.com/golf/players/playerpage/518225/john-merrick"
"223","Charlie Wi","KOR","0","0","1","11","http://www.cbssports.com/golf/players/playerpage/149667/charlie-wi"
"224","Chesson Hadley","USA","0","0","0","10","http://www.cbssports.com/golf/players/playerpage/2103529/chesson-hadley"
"225","Larry Mize","USA","0","0","0","9","http://www.cbssports.com/golf/players/playerpage/132076/larry-mize"
"226","Michael Bradley","USA","0","0","0","7","http://www.cbssports.com/golf/players/playerpage/131968/michael-bradley"
"227","Bobby Wyatt","USA","0","0","0","6","http://www.cbssports.com/golf/players/playerpage/2156186/bobby-wyatt"
"228","Arjun Atwal","IND","0","0","0","6","http://www.cbssports.com/golf/players/playerpage/458794/arjun-atwal"
"229","Justin Leonard","USA","0","0","0","5","http://www.cbssports.com/golf/players/playerpage/132054/justin-leonard"
"230","Steven Bowditch","AUS","0","0","0","5","http://www.cbssports.com/golf/players/playerpage/401293/steven-bowditch"
"231","George McNeill","USA","0","0","0","4","http://www.cbssports.com/golf/players/playerpage/460200/george-mcneill"
"231","Tim Petrovic","USA","0","0","0","4","http://www.cbssports.com/golf/players/playerpage/285345/tim-petrovic"
"231","David Toms","USA","0","0","0","4","http://www.cbssports.com/golf/players/playerpage/132128/david-toms"
"234","Tim Herron","USA","0","0","0","4","http://www.cbssports.com/golf/players/playerpage/132037/tim-herron"
"235","Charlie Beljan","USA","0","0","0","4","http://www.cbssports.com/golf/players/playerpage/1619352/charlie-beljan"
"236","Eric Axley","USA","0","0","0","3","http://www.cbssports.com/golf/players/playerpage/458825/eric-axley"
"237","Brendon Todd","USA","0","0","0","3","http://www.cbssports.com/golf/players/playerpage/1232153/brendon-todd"
"238","Colt Knost","USA","0","0","0","3","http://www.cbssports.com/golf/players/playerpage/1221676/colt-knost"
"239","Bobby Gates","USA","0","0","0","3","http://www.cbssports.com/golf/players/playerpage/1675822/bobby-gates"
"240","Fred Funk","USA","0","0","0","2","http://www.cbssports.com/golf/players/playerpage/132017/fred-funk"
"241","Tommy Gainey","USA","0","0","0","2","http://www.cbssports.com/golf/players/playerpage/1221887/tommy-gainey"
"241","John Rollins","USA","0","0","0","2","http://www.cbssports.com/golf/players/playerpage/149628/john-rollins"
"243","Robert Allenby","AUS","0","0","0","2","http://www.cbssports.com/golf/players/playerpage/131953/robert-allenby"
"244","Stuart Appleby","AUS","0","0","0","2","http://www.cbssports.com/golf/players/playerpage/131956/stuart-appleby"
"245","Max Homa","USA","0","0","0","2","http://www.cbssports.com/golf/players/playerpage/2065269/max-homa"
"246","Craig Barlow","USA","0","0","0","1","http://www.cbssports.com/golf/players/playerpage/149680/craig-barlow"
"-","Brad Adamonis","USA","0","0","0","0","http://www.cbssports.com/golf/players/playerpage/458291/brad-adamonis"
"-","Thomas Aiken","SAF","0","0","0","0","http://www.cbssports.com/golf/players/playerpage/458353/thomas-aiken"
"-","Anders Albertson","USA","0","0","0","0","http://www.cbssports.com/golf/players/playerpage/2234685/anders-albertson"
"-","Tyson Alexander","USA","0","0","0","0","http://www.cbssports.com/golf/players/playerpage/1681026/tyson-alexander"
"-","Abraham Ancer","USA","0","0","0","0","http://www.cbssports.com/golf/players/playerpage/2155761/abraham-ancer"
"-","Mason Andersen","USA","0","0","0","0","http://www.cbssports.com/golf/players/playerpage/2831412/mason-andersen"
"-","Riley Arp","USA","0","0","0","0","http://www.cbssports.com/golf/players/playerpage/1970983/riley-arp"
"-","Matt Atkins","USA","0","0","0","0","http://www.cbssports.com/golf/players/playerpage/2234688/matt-atkins"
"-","Todd Baek","KOR","0","0","0","0","http://www.cbssports.com/golf/players/playerpage/1406554/todd-baek"
"-","Derek Barron","USA","0","0","0","0","http://www.cbssports.com/golf/players/playerpage/2831413/derek-barron"
"-","Cameron Beckman","USA","0","0","0","0","http://www.cbssports.com/golf/players/playerpage/149681/cameron-beckman"
"-","Oliver Bekker","SAF","0","0","0","0","http://www.cbssports.com/golf/players/playerpage/1434521/oliver-bekker"
"-","Rich Berberian, Jr.","USA","0","0","0","0","http://www.cbssports.com/golf/players/playerpage/459384/rich-berberian-jr"
"-","Shane Bertsch","USA","0","0","0","0","http://www.cbssports.com/golf/players/playerpage/149508/shane-bertsch"
"-","Gaganjeet Bhullar","IND","0","0","0","0","http://www.cbssports.com/golf/players/playerpage/1535196/gaganjeet-bhullar"
"-","Wade Binfield","USA","0","0","0","0","http://www.cbssports.com/golf/players/playerpage/2155785/wade-binfield"
"-","Jacques Blaauw","SAF","0","0","0","0","http://www.cbssports.com/golf/players/playerpage/1655394/jacques-blaauw"
"-","Brooks Blackburn","","0","0","0","0",""
"-","Richard Bland","ENG","0","0","0","0","http://www.cbssports.com/golf/players/playerpage/1195189/richard-bland"
"-","Michael Block","USA","0","0","0","0","http://www.cbssports.com/golf/players/playerpage/459642/michael-block"
"-","Cyril Bouniol","USA","0","0","0","0","http://www.cbssports.com/golf/players/playerpage/2155790/cyril-bouniol"
"-","Gregory Bourdy","FRA","0","0","0","0","http://www.cbssports.com/golf/players/playerpage/459854/gregory-bourdy"
"-","Joseph Bramlett","USA","0","0","0","0","http://www.cbssports.com/golf/players/playerpage/1995515/joseph-bramlett"
"-","Christian Brand","USA","0","0","0","0","http://www.cbssports.com/golf/players/playerpage/1995516/christian-brand"
"-","Sam Brazel","AUS","0","0","0","0","http://www.cbssports.com/golf/players/playerpage/1225960/sam-brazel"
"-","Josh Broadaway","USA","0","0","0","0","http://www.cbssports.com/golf/players/playerpage/460155/josh-broadaway"
"-","Josh Brock","USA","0","0","0","0","http://www.cbssports.com/golf/players/playerpage/1681030/josh-brock"
"-","Mark Brooks","USA","0","0","0","0","http://www.cbssports.com/golf/players/playerpage/131970/mark-brooks"
"-","Dean Burmester","SAF","0","0","0","0","http://www.cbssports.com/golf/players/playerpage/1737011/dean-burmester"
"-","Zach Cabra","","0","0","0","0",""
"-","Robert Calvesbert","PUR","0","0","0","0","http://www.cbssports.com/golf/players/playerpage/1952111/robert-calvesbert"
"-","Matt Campbell","USA","0","0","0","0","http://www.cbssports.com/golf/players/playerpage/2831414/matt-campbell"
"-","Rafael Campos","PUR","0","2","2","0","http://www.cbssports.com/golf/players/playerpage/1601848/rafael-campos"
"-","Will Cannon","","0","0","0","0",""
"-","Rodolfo Cazaubon","MEX","0","0","0","0","http://www.cbssports.com/golf/players/playerpage/1755092/rodolfo-cazaubon"
"-","Cameron Champ","USA","0","0","0","0","http://www.cbssports.com/golf/players/playerpage/2831415/cameron-champ"
"-","Shih-chang Chan","TPE","0","0","0","0","http://www.cbssports.com/golf/players/playerpage/1196318/shih-chang-chan"
"-","S.S.P. Chawrasia","IND","0","0","0","0","http://www.cbssports.com/golf/players/playerpage/461199/ssp-chawrasia"
"-","Danny Chia","MA","0","0","0","0","http://www.cbssports.com/golf/players/playerpage/1195130/danny-chia"
"-","John Chin","USA","0","0","0","0","http://www.cbssports.com/golf/players/playerpage/1770163/john-chin"
"-","Jinho Choi","","0","0","0","0","http://www.cbssports.com/golf/players/playerpage/1599810/jinho-choi"
"-","Daniel Chopra","SWE","0","0","0","0","http://www.cbssports.com/golf/players/playerpage/460126/daniel-chopra"
"-","Wyndham Clark","","0","0","0","0",""
"-","Keith Clearwater","USA","0","0","0","0","http://www.cbssports.com/golf/players/playerpage/131984/keith-clearwater"
"-","George Coetzee","SAF","0","0","0","0","http://www.cbssports.com/golf/players/playerpage/1195168/george-coetzee"
"-","Brett Coletta","AUS","0","0","1","0","http://www.cbssports.com/golf/players/playerpage/2682573/brett-coletta"
"-","Erik Compton","USA","0","0","0","0","http://www.cbssports.com/golf/players/playerpage/460202/erik-compton"
"-","Corey Conners","CAN","0","0","0","0","http://www.cbssports.com/golf/players/playerpage/2073578/corey-conners"
"-","Austin Cook","USA","0","0","0","0","http://www.cbssports.com/golf/players/playerpage/2155836/austin-cook"
"-","Alan Cooke","USA","0","0","0","0","http://www.cbssports.com/golf/players/playerpage/2854309/alan-cooke"
"-","Christopher Crawford","USA","0","0","0","0","http://www.cbssports.com/golf/players/playerpage/2241772/christopher-crawford"
"-","Ben Curtis","USA","0","0","0","0","http://www.cbssports.com/golf/players/playerpage/401298/ben-curtis"
"-","Brad Dalke","USA","0","0","0","0","http://www.cbssports.com/golf/players/playerpage/2234764/brad-dalke"
"-","John Daly","USA","0","0","0","0","http://www.cbssports.com/golf/players/playerpage/149697/john-daly"
"-","Charlie Danielson","USA","0","0","0","0","http://www.cbssports.com/golf/players/playerpage/2219939/charlie-danielson"
"-","Cameron Davis","AUS","0","0","1","0","http://www.cbssports.com/golf/players/playerpage/2414964/cameron-davis"
"-","Stuart Deane","AUS","0","0","0","0","http://www.cbssports.com/golf/players/playerpage/462261/stuart-deane"
"-","Chip Deason","USA","0","0","0","0","http://www.cbssports.com/golf/players/playerpage/462272/chip-deason"
"-","Roberto Diaz","MEX","0","0","0","0","http://www.cbssports.com/golf/players/playerpage/1995530/roberto-diaz"
"-","Jamie Donaldson","WAL","0","0","0","0","http://www.cbssports.com/golf/players/playerpage/1194983/jamie-donaldson"
"-","Zecheng Dou","CHN","0","0","0","0","http://www.cbssports.com/golf/players/playerpage/2155853/zecheng-dou"
"-","Kevin Dougherty","USA","0","0","0","0","http://www.cbssports.com/golf/players/playerpage/2705015/kevin-dougherty"
"-","Billy Downes","USA","0","0","0","0","http://www.cbssports.com/golf/players/playerpage/462726/billy-downes"
"-","Bradley Dredge","WAL","0","0","0","0","http://www.cbssports.com/golf/players/playerpage/1195091/bradley-dredge"
"-","Paul Dunne","IRE","0","0","0","0","http://www.cbssports.com/golf/players/playerpage/2136164/paul-dunne"
"-","David Duval","USA","0","0","0","0","http://www.cbssports.com/golf/players/playerpage/131998/david-duval"
"-","Paul Earnest","USA","0","0","0","0","http://www.cbssports.com/golf/players/playerpage/462940/paul-earnest"
"-","Derek Ernst","USA","0","0","0","0","http://www.cbssports.com/golf/players/playerpage/2021156/derek-ernst"
"-","Chris Evans","USA","0","0","0","0","http://www.cbssports.com/golf/players/playerpage/463250/chris-evans"
"-","Edward Figueroa","USA","0","0","0","0","http://www.cbssports.com/golf/players/playerpage/1952184/edward-figueroa"
"-","Ross Fisher","ENG","0","3","4","0","http://www.cbssports.com/golf/players/playerpage/502963/ross-fisher"
"-","Matthew Fitzpatrick","ENG","0","0","4","0","http://www.cbssports.com/golf/players/playerpage/2068881/matthew-fitzpatrick"
"-","Nick Flanagan","AUS","0","0","0","0","http://www.cbssports.com/golf/players/playerpage/463580/nick-flanagan"
"-","Tommy Fleetwood","ENG","0","3","3","0","http://www.cbssports.com/golf/players/playerpage/1639560/tommy-fleetwood"
"-","Steve Flesch","USA","0","0","0","0","http://www.cbssports.com/golf/players/playerpage/132011/steve-flesch"
"-","Marcus Fraser","AUS","0","0","0","0","http://www.cbssports.com/golf/players/playerpage/463819/marcus-fraser"
"-","Oscar Fraustro","MEX","0","0","1","0","http://www.cbssports.com/golf/players/playerpage/1522587/oscar-fraustro"
"-","Tadd Fujikawa","USA","0","0","0","0","http://www.cbssports.com/golf/players/playerpage/1111908/tadd-fujikawa"
"-","Robert Gamez","USA","0","0","0","0","http://www.cbssports.com/golf/players/playerpage/149551/robert-gamez"
"-","Toto Gana","CHL","0","0","0","0","http://www.cbssports.com/golf/players/playerpage/2805474/toto-gana"
"-","Stephen Gangluff","USA","0","0","0","0","http://www.cbssports.com/golf/players/playerpage/285332/stephen-gangluff"
"-","Joey Garber","USA","0","0","0","0","http://www.cbssports.com/golf/players/playerpage/2155878/joey-garber"
"-","Brice Garnett","USA","0","0","0","0","http://www.cbssports.com/golf/players/playerpage/1196282/brice-garnett"
"-","Jonathan Garrick","USA","0","0","0","0","http://www.cbssports.com/golf/players/playerpage/2414963/jonathan-garrick"
"-","Chris Gilley","USA","0","0","0","0","http://www.cbssports.com/golf/players/playerpage/2641992/chris-gilley"
"-","Drew Goff","USA","0","0","0","0","http://www.cbssports.com/golf/players/playerpage/2373207/drew-goff"
"-","Talor Gooch","USA","0","0","0","0","http://www.cbssports.com/golf/players/playerpage/2155885/talor-gooch"
"-","Brent Grant","USA","0","0","0","0","http://www.cbssports.com/golf/players/playerpage/2598736/brent-grant"
"-","Gavin Green","MAS","0","0","0","0","http://www.cbssports.com/golf/players/playerpage/1738729/gavin-green"
"-","Scott Gregory","ENG","0","0","0","0","http://www.cbssports.com/golf/players/playerpage/2248323/scott-gregory"
"-","Max Greyserman","USA","0","0","0","0","http://www.cbssports.com/golf/players/playerpage/2831416/max-greyserman"
"-","Matthew Griffin","AUS","0","0","0","0","http://www.cbssports.com/golf/players/playerpage/1654552/matthew-griffin"
"-","Stewart Hagestad","USA","0","0","0","0","http://www.cbssports.com/golf/players/playerpage/2805475/stewart-hagestad"
"-","Kevin Hall","USA","0","0","0","0","http://www.cbssports.com/golf/players/playerpage/465077/kevin-hall"
"-","Scott Harvey","USA","0","0","0","0","http://www.cbssports.com/golf/players/playerpage/2172006/scott-harvey"
"-","Tyrrell Hatton","ENG","0","3","5","0","http://www.cbssports.com/golf/players/playerpage/1757166/tyrrell-hatton"
"-","Kevin Hayashi","USA","0","0","0","0","http://www.cbssports.com/golf/players/playerpage/465471/kevin-hayashi"
"-","Michael Hebert","USA","0","0","0","0","http://www.cbssports.com/golf/players/playerpage/2155905/michael-hebert"
"-","Scott Hend","AUS","0","1","1","0","http://www.cbssports.com/golf/players/playerpage/460160/scott-hend"
"-","Michael Hendry","NZL","0","0","0","0","http://www.cbssports.com/golf/players/playerpage/1196075/michael-hendry"
"-","Mark Hensby","AUS","0","0","0","0","http://www.cbssports.com/golf/players/playerpage/149570/mark-hensby"
"-","Kramer Hickok","USA","0","0","0","0","http://www.cbssports.com/golf/players/playerpage/2228469/kramer-hickok"
"-","Craig Hocknull","AUS","0","0","0","0","http://www.cbssports.com/golf/players/playerpage/1952128/craig-hocknull"
"-","Nathan Holman","AUS","0","0","0","0","http://www.cbssports.com/golf/players/playerpage/2155914/nathan-holman"
"-","Sam Horsfield","ENG","0","0","0","0","http://www.cbssports.com/golf/players/playerpage/2176414/sam-horsfield"
"-","Beau Hossler","USA","0","0","0","0","http://www.cbssports.com/golf/players/playerpage/1839052/beau-hossler"
"-","David Hronek","USA","0","0","0","0","http://www.cbssports.com/golf/players/playerpage/1779025/david-hronek"
"-","Yuta Ikeda","JPN","0","0","1","0","http://www.cbssports.com/golf/players/playerpage/466400/yuta-ikeda"
"-","Shugo Imahira","JPN","0","0","0","0","http://www.cbssports.com/golf/players/playerpage/2244926/shugo-imahira"
"-","Trevor Immelman","SAF","0","0","0","0","http://www.cbssports.com/golf/players/playerpage/399338/trevor-immelman"
"-","Stephan Jaeger","GER","0","0","0","0","http://www.cbssports.com/golf/players/playerpage/1998141/stephan-jaeger"
"-","Thongchai Jaidee","THA","0","0","0","0","http://www.cbssports.com/golf/players/playerpage/466611/thongchai-jaidee"
"-","Jazz Janewattananond","THA","0","0","0","0","http://www.cbssports.com/golf/players/playerpage/2155929/jazz-janewattananond"
"-","Carter Jenkins","USA","0","0","0","0","http://www.cbssports.com/golf/players/playerpage/1995552/carter-jenkins"
"-","Marty Jertson","USA","0","0","0","0","http://www.cbssports.com/golf/players/playerpage/466721/marty-jertson"
"-","Cheng Jin","CHI","0","0","0","0","http://www.cbssports.com/golf/players/playerpage/2058130/cheng-jin"
"-","Michael Johnson","USA","0","0","1","0","http://www.cbssports.com/golf/players/playerpage/466823/michael-johnson"
"-","Neil Johnson","USA","0","0","0","0","http://www.cbssports.com/golf/players/playerpage/499304/neil-johnson"
"-","Rikard Karlberg","SWE","0","0","1","0","http://www.cbssports.com/golf/players/playerpage/502966/rikard-karlberg"
"-","Daisuke Kataoka","JPN","0","0","0","0","http://www.cbssports.com/golf/players/playerpage/1704695/daisuke-kataoka"
"-","Martin Kaymer","GER","0","1","5","0","http://www.cbssports.com/golf/players/playerpage/467216/martin-kaymer"
"-","Sean Kelly","USA","0","0","0","0","http://www.cbssports.com/golf/players/playerpage/2820592/sean-kelly"
"-","Troy Kelly","USA","0","0","0","0","http://www.cbssports.com/golf/players/playerpage/555031/troy-kelly"
"-","Blake Kennedy","USA","0","0","0","0","http://www.cbssports.com/golf/players/playerpage/2818534/blake-kennedy"
"-","Alex Kim","","0","0","0","0","http://www.cbssports.com/golf/players/playerpage/2155950/alex-kim"
"-","Chan Kim","USA","0","0","0","0","http://www.cbssports.com/golf/players/playerpage/1769604/chan-kim"
"-","Hyung-Sung Kim","KOR","0","0","0","0","http://www.cbssports.com/golf/players/playerpage/1599887/hyung-sung-kim"
"-","K.T. Kim","KOR","0","0","1","0","http://www.cbssports.com/golf/players/playerpage/1206799/kt-kim"
"-","Sihwan Kim","KOR","0","0","0","0","http://www.cbssports.com/golf/players/playerpage/1626408/sihwan-kim"
"-","Kurt Kitayama","USA","0","0","1","0","http://www.cbssports.com/golf/players/playerpage/2245328/kurt-kitayama"
"-","Jim Knous","USA","0","0","0","0","http://www.cbssports.com/golf/players/playerpage/1994802/jim-knous"
"-","Satoshi Kodaira","JPN","0","0","0","0","http://www.cbssports.com/golf/players/playerpage/2069948/satoshi-kodaira"
"-","Chase Koepka","USA","0","1","1","0","http://www.cbssports.com/golf/players/playerpage/2817812/chase-koepka"
"-","Ben Kohles","USA","0","0","0","0","http://www.cbssports.com/golf/players/playerpage/2053566/ben-kohles"
"-","Neal Lancaster","USA","0","0","0","0","http://www.cbssports.com/golf/players/playerpage/132051/neal-lancaster"
"-","Bernhard Langer","GER","0","0","0","0","http://www.cbssports.com/golf/players/playerpage/238081/bernhard-langer"
"-","Scott Langley","USA","0","0","0","0","http://www.cbssports.com/golf/players/playerpage/1754325/scott-langley"
"-","Pablo Larrazabal","ESP","0","0","0","0","http://www.cbssports.com/golf/players/playerpage/1117514/pablo-larrazabal"
"-","Soomin Lee","KOR","0","0","0","0","http://www.cbssports.com/golf/players/playerpage/2248324/soomin-lee"
"-","Walker Lee","USA","0","0","0","0","http://www.cbssports.com/golf/players/playerpage/2831417/walker-lee"
"-","Hugo Leon","CHL","0","0","0","0","http://www.cbssports.com/golf/players/playerpage/1691072/hugo-leon"
"-","Alexander Levy","FRA","0","0","0","0","http://www.cbssports.com/golf/players/playerpage/1844146/alexander-levy"
"-","Haotong Li","CHN","0","0","0","0","http://www.cbssports.com/golf/players/playerpage/1819936/haotong-li"
"-","Wen-Chong Liang","CHN","0","0","0","0","http://www.cbssports.com/golf/players/playerpage/476749/wen-chong-liang"
"-","Frank Lickliter II","USA","0","0","0","0","http://www.cbssports.com/golf/players/playerpage/468389/frank-lickliter-ii"
"-","Tyler Light","USA","0","0","0","0","http://www.cbssports.com/golf/players/playerpage/2831422/tyler-light"
"-","David Lipsky","USA","0","0","0","0","http://www.cbssports.com/golf/players/playerpage/1964442/david-lipsky"
"-","Dru Love","USA","0","0","0","0","http://www.cbssports.com/golf/players/playerpage/2831421/dru-love"
"-","Justin Lower","USA","0","0","0","0","http://www.cbssports.com/golf/players/playerpage/2075040/justin-lower"
"-","Curtis Luck","AUS","0","1","1","0","http://www.cbssports.com/golf/players/playerpage/2782496/curtis-luck"
"-","Joost Luiten","NET","0","0","2","0","http://www.cbssports.com/golf/players/playerpage/1194980/joost-luiten"
"-","Sandy Lyle","SCO","0","0","0","0","http://www.cbssports.com/golf/players/playerpage/132062/sandy-lyle"
"-","Jack Maguire","USA","0","0","0","0","http://www.cbssports.com/golf/players/playerpage/2176419/jack-maguire"
"-","Gregor Main","USA","0","0","0","0","http://www.cbssports.com/golf/players/playerpage/1662074/gregor-main"
"-","Troy Matteson","USA","0","0","0","0","http://www.cbssports.com/golf/players/playerpage/469340/troy-matteson"
"-","Wesley McClain","USA","0","0","0","0","http://www.cbssports.com/golf/players/playerpage/2804678/wesley-mcclain"
"-","Ryan McCormick","USA","0","0","0","0","http://www.cbssports.com/golf/players/playerpage/2803337/ryan-mccormick"
"-","Lee McCoy","USA","0","0","0","0","http://www.cbssports.com/golf/players/playerpage/2176421/lee-mccoy"
"-","Parker McLachlin","USA","0","0","0","0","http://www.cbssports.com/golf/players/playerpage/469738/parker-mclachlin"
"-","Jay McLuen","USA","0","0","0","0","http://www.cbssports.com/golf/players/playerpage/469760/jay-mcluen"
"-","Maverick McNealy","USA","0","0","0","0","http://www.cbssports.com/golf/players/playerpage/2133374/maverick-mcnealy"
"-","Rocco Mediate","USA","0","0","0","0","http://www.cbssports.com/golf/players/playerpage/132074/rocco-mediate"
"-","Shaun Micheel","USA","0","0","0","0","http://www.cbssports.com/golf/players/playerpage/149603/shaun-micheel"
"-","Daniel Miernicki","USA","0","0","0","0","http://www.cbssports.com/golf/players/playerpage/1757280/daniel-miernicki"
"-","Matthew Millar","AUS","0","0","0","0","http://www.cbssports.com/golf/players/playerpage/1195383/matthew-millar"
"-","Keith Mitchell","USA","0","0","1","0","http://www.cbssports.com/golf/players/playerpage/2156017/keith-mitchell"
"-","Yusaku Miyazato","JPN","0","0","0","0","http://www.cbssports.com/golf/players/playerpage/470196/yusaku-miyazato"
"-","Colin Monagle","","0","0","0","0",""
"-","Alex Moon","USA","0","0","0","0","http://www.cbssports.com/golf/players/playerpage/2237804/alex-moon"
"-","Collin Morikawa","USA","0","0","0","0","http://www.cbssports.com/golf/players/playerpage/2323703/collin-morikawa"
"-","Alan Morin","USA","0","0","0","0","http://www.cbssports.com/golf/players/playerpage/399366/alan-morin"
"-","Savio Nazareth","USA","0","0","0","0","http://www.cbssports.com/golf/players/playerpage/1628867/savio-nazareth"
"-","Matthew NeSmith","USA","0","0","0","0","http://www.cbssports.com/golf/players/playerpage/2005992/matthew-nesmith"
"-","Chris Nido","","0","0","0","0",""
"-","Jordan Niebrugge","USA","0","0","0","0","http://www.cbssports.com/golf/players/playerpage/2122902/jordan-niebrugge"
"-","Joaquin Niemann","CHL","0","0","0","0","http://www.cbssports.com/golf/players/playerpage/2831418/joaquin-niemann"
"-","Alex Noren","SWE","0","2","3","0","http://www.cbssports.com/golf/players/playerpage/471061/alex-noren"
"-","Henrik Norlander","SWE","0","1","2","0","http://www.cbssports.com/golf/players/playerpage/1628822/henrik-norlander"
"-","Mark O'Meara","USA","0","0","0","0","http://www.cbssports.com/golf/players/playerpage/132082/mark-omeara"
"-","Dan Obremski","USA","0","0","0","0","http://www.cbssports.com/golf/players/playerpage/2068497/dan-obremski"
"-","John Oda","USA","0","0","0","0","http://www.cbssports.com/golf/players/playerpage/1935040/john-oda"
"-","Jose Maria Olazabal","ESP","0","0","0","0","http://www.cbssports.com/golf/players/playerpage/238089/jose-maria-olazabal"
"-","Thorbjorn Olesen","DEN","0","0","0","0","http://www.cbssports.com/golf/players/playerpage/1744305/thorbjorn-olesen"
"-","Rob Oppenheim","USA","0","1","1","0","http://www.cbssports.com/golf/players/playerpage/519110/rob-oppenheim"
"-","Wade Ormsby","AUS","0","0","0","0","http://www.cbssports.com/golf/players/playerpage/1194837/wade-ormsby"
"-","Carlos Ortiz","MEX","0","0","0","0","http://www.cbssports.com/golf/players/playerpage/1704630/carlos-ortiz"
"-","Garrett Osborn","USA","0","0","0","0","http://www.cbssports.com/golf/players/playerpage/1505986/garrett-osborn"
"-","Ray Otis","USA","0","0","0","0","http://www.cbssports.com/golf/players/playerpage/2682574/ray-otis"
"-","Jeff Overton","USA","0","0","0","0","http://www.cbssports.com/golf/players/playerpage/563449/jeff-overton"
"-","S.J. Park","KOR","0","0","0","0","http://www.cbssports.com/golf/players/playerpage/2156048/sj-park"
"-","Oliver Peacock","USA","0","0","0","0","http://www.cbssports.com/golf/players/playerpage/2830146/oliver-peacock"
"-","Eddie Pepperell","ENG","0","0","1","0","http://www.cbssports.com/golf/players/playerpage/1988938/eddie-pepperell"
"-","Rod Perry","USA","0","0","0","0","http://www.cbssports.com/golf/players/playerpage/471859/rod-perry"
"-","Thomas Pieters","BEL","0","3","4","0","http://www.cbssports.com/golf/players/playerpage/2068382/thomas-pieters"
"-","Kenny Pigman","USA","0","0","0","0","http://www.cbssports.com/golf/players/playerpage/2621013/kenny-pigman"
"-","Martin Piller","USA","0","0","0","0","http://www.cbssports.com/golf/players/playerpage/1662007/martin-piller"
"-","Ben Polland","USA","0","0","0","0","http://www.cbssports.com/golf/players/playerpage/2186291/ben-polland"
"-","Andy Pope","USA","0","0","0","0","http://www.cbssports.com/golf/players/playerpage/1699688/andy-pope"
"-","Clayton Portz","USA","0","0","0","0","http://www.cbssports.com/golf/players/playerpage/2854306/clayton-portz"
"-","Ted Potter, Jr.","USA","0","0","0","0","http://www.cbssports.com/golf/players/playerpage/472224/ted-potter-jr"
"-","Ted Purdy","USA","0","0","0","0","http://www.cbssports.com/golf/players/playerpage/149743/ted-purdy"
"-","Aaron Rai","ENG","0","0","0","0","http://www.cbssports.com/golf/players/playerpage/2605333/aaron-rai"
"-","Kyle Ramey","USA","0","0","0","0","http://www.cbssports.com/golf/players/playerpage/2817813/kyle-ramey"
"-","Richie Ramsay","SCO","0","0","0","0","http://www.cbssports.com/golf/players/playerpage/1195113/richie-ramsay"
"-","Roman Robledo","USA","0","0","0","0","http://www.cbssports.com/golf/players/playerpage/2831419/roman-robledo"
"-","Max Rottluff","GER","0","0","0","0","http://www.cbssports.com/golf/players/playerpage/2643789/max-rottluff"
"-","Brian Rowell","USA","0","0","0","0","http://www.cbssports.com/golf/players/playerpage/473152/brian-rowell"
"-","Marcelo Rozo","COL","0","0","0","0","http://www.cbssports.com/golf/players/playerpage/2044142/marcelo-rozo"
"-","Ryan Ruffels","AUS","0","0","0","0","http://www.cbssports.com/golf/players/playerpage/2218472/ryan-ruffels"
"-","Casey Russell","","0","0","0","0",""
"-","Jordan Russell","USA","0","0","0","0","http://www.cbssports.com/golf/players/playerpage/2156093/jordan-russell"
"-","Sam Ryder","USA","0","0","0","0","http://www.cbssports.com/golf/players/playerpage/2021153/sam-ryder"
"-","Jamie Sadlowski","CAN","0","0","0","0","http://www.cbssports.com/golf/players/playerpage/1896045/jamie-sadlowski"
"-","Gene Sauers","USA","0","0","0","0","http://www.cbssports.com/golf/players/playerpage/132104/gene-sauers"
"-","Jared Sawada","USA","0","0","0","0","http://www.cbssports.com/golf/players/playerpage/2113628/jared-sawada"
"-","Scottie Scheffler","USA","0","0","0","0","http://www.cbssports.com/golf/players/playerpage/2156104/scottie-scheffler"
"-","Richie Schembechler II","USA","0","0","0","0","http://www.cbssports.com/golf/players/playerpage/2241779/richie-schembechler-ii"
"-","Phil Schmitt","USA","0","0","0","0","http://www.cbssports.com/golf/players/playerpage/149633/phil-schmitt"
"-","Jason Schmuhl","USA","0","0","0","0","http://www.cbssports.com/golf/players/playerpage/1662820/jason-schmuhl"
"-","Michael Schoolcraft","USA","0","0","0","0","http://www.cbssports.com/golf/players/playerpage/2206129/michael-schoolcraft"
"-","Matthias Schwab","AUT","0","0","0","0","http://www.cbssports.com/golf/players/playerpage/1770024/matthias-schwab"
"-","Chase Seiffert","USA","0","0","0","0","http://www.cbssports.com/golf/players/playerpage/2156109/chase-seiffert"
"-","Robby Shelton","USA","0","0","1","0","http://www.cbssports.com/golf/players/playerpage/2133375/robby-shelton"
"-","Kevin Shields","USA","0","0","0","0","http://www.cbssports.com/golf/players/playerpage/474011/kevin-shields"
"-","Mark Silvers","USA","0","0","0","0","http://www.cbssports.com/golf/players/playerpage/1754321/mark-silvers"
"-","Heath Slocum","USA","0","0","0","0","http://www.cbssports.com/golf/players/playerpage/238163/heath-slocum"
"-","Alex Smalley","USA","0","0","0","0","http://www.cbssports.com/golf/players/playerpage/2156121/alex-smalley"
"-","Austin Smotherman","USA","0","0","0","0","http://www.cbssports.com/golf/players/playerpage/2820591/austin-smotherman"
"-","Young-Han Song","KOR","0","0","1","0","http://www.cbssports.com/golf/players/playerpage/2246171/young-han-song"
"-","Joel Stalter","FRA","0","0","0","0","http://www.cbssports.com/golf/players/playerpage/2075028/joel-stalter"
"-","Jimmy Stanger","","0","0","0","0",""
"-","Richard Sterne","SAF","0","0","0","0","http://www.cbssports.com/golf/players/playerpage/1194847/richard-sterne"
"-","Brandon Stone","SAF","0","0","0","0","http://www.cbssports.com/golf/players/playerpage/1915414/brandon-stone"
"-","Andy Sullivan","ENG","0","0","2","0","http://www.cbssports.com/golf/players/playerpage/1824072/andy-sullivan"
"-","Miguel Tabuena","PHI","0","0","0","0","http://www.cbssports.com/golf/players/playerpage/1914137/miguel-tabuena"
"-","Hideto Tanihara","JPN","0","1","1","0","http://www.cbssports.com/golf/players/playerpage/401351/hideto-tanihara"
"-","Josh Teater","USA","0","0","0","0","http://www.cbssports.com/golf/players/playerpage/475448/josh-teater"
"-","Sahith Theegala","USA","0","0","0","0","http://www.cbssports.com/golf/players/playerpage/2705145/sahith-theegala"
"-","Kyle Thompson","USA","0","0","0","0","http://www.cbssports.com/golf/players/playerpage/460147/kyle-thompson"
"-","Nicholas Thompson","USA","0","0","0","0","http://www.cbssports.com/golf/players/playerpage/581475/nicholas-thompson"
"-","Braden Thornberry","USA","0","1","1","0","http://www.cbssports.com/golf/players/playerpage/2830147/braden-thornberry"
"-","D.J. Trahan","USA","0","0","0","0","http://www.cbssports.com/golf/players/playerpage/475801/dj-trahan"
"-","Marc Turnesa","USA","0","0","0","0","http://www.cbssports.com/golf/players/playerpage/475967/marc-turnesa"
"-","Peter Uihlein","USA","0","1","3","0","http://www.cbssports.com/golf/players/playerpage/1196372/peter-uihlein"
"-","Martin Ureta","CHL","0","0","0","0","http://www.cbssports.com/golf/players/playerpage/1226021/martin-ureta"
"-","Sebastian Vazquez","MEX","0","0","0","0","http://www.cbssports.com/golf/players/playerpage/1841011/sebastian-vazquez"
"-","Matt Wallace","ENG","0","0","0","0","http://www.cbssports.com/golf/players/playerpage/2831420/matt-wallace"
"-","Jeunghun Wang","KOR","0","0","1","0","http://www.cbssports.com/golf/players/playerpage/2156166/jeunghun-wang"
"-","Tim Weinhart","USA","0","0","0","0","http://www.cbssports.com/golf/players/playerpage/476695/tim-weinhart"
"-","Mike Weir","CAN","0","0","0","0","http://www.cbssports.com/golf/players/playerpage/132142/mike-weir"
"-","Lee Westwood","ENG","0","0","2","0","http://www.cbssports.com/golf/players/playerpage/401357/lee-westwood"
"-","Gunner Wiebe","USA","0","0","0","0","http://www.cbssports.com/golf/players/playerpage/1733566/gunner-wiebe"
"-","Bernd Wiesberger","AUT","0","0","4","0","http://www.cbssports.com/golf/players/playerpage/1195435/bernd-wiesberger"
"-","Peter Williamson","USA","0","0","0","0","http://www.cbssports.com/golf/players/playerpage/2156177/peter-williamson"
"-","Ben Willman","ENG","0","0","0","0","http://www.cbssports.com/golf/players/playerpage/477106/ben-willman"
"-","Aaron Wise","USA","0","1","1","0","http://www.cbssports.com/golf/players/playerpage/2241782/aaron-wise"
"-","Chris Wood","ENG","0","0","1","0","http://www.cbssports.com/golf/players/playerpage/477265/chris-wood"
"-","Tiger Woods","USA","0","0","0","0","http://www.cbssports.com/golf/players/playerpage/149765/tiger-woods"
"-","Ian Woosnam","WAL","0","0","0","0","http://www.cbssports.com/golf/players/playerpage/401359/ian-woosnam"
"-","Zach Wright","USA","0","0","0","0","http://www.cbssports.com/golf/players/playerpage/2235223/zach-wright"
"-","Ashun Wu","CHN","0","0","1","0","http://www.cbssports.com/golf/players/playerpage/1610179/ashun-wu"
"-","Zach Zaback","USA","0","0","0","0","http://www.cbssports.com/golf/players/playerpage/2838725/zach-zaback"
"-","Fabrizio Zanotti","PAR","0","0","1","0","http://www.cbssports.com/golf/players/playerpage/1196404/fabrizio-zanotti"
"-","Hui-lin Zhang","CHN","0","0","0","0","http://www.cbssports.com/golf/players/playerpage/2376534/hui-lin-zhang"
"-","Xinjun Zhang","CHN","0","0","1","0","http://www.cbssports.com/golf/players/playerpage/1671945/xinjun-zhang"
"-","Jordan Zunic","AUS","0","0","0","0","http://www.cbssports.com/golf/players/playerpage/2215956/jordan-zunic"
"-","Ryan Zylstra","CAN","0","0","0","0","http://www.cbssports.com/golf/players/playerpage/1228125/ryan-zylstra"
